faction,page,post,initial_holder,raw_cells,department,unit
empire,60,皇帝,フリードリヒⅣ世,皇宮 | 皇帝 | フリードリヒⅣ世,皇宮,
empire,60,帝国軍最高司令官,フリードリヒⅣ世,皇宮 | 帝国軍最高司令官 | フリードリヒⅣ世,皇宮,
empire,60,幕僚総監,クラーゼン元帥,皇宮 | 幕僚総監 | クラーゼン元帥,皇宮,
empire,60,帝国宰相,政治家リヒテンラーデ,皇宮 | 帝国宰相 | 政治家リヒテンラーデ,皇宮,
empire,60,国務尚書,政治家リヒテンラーデ,内閣 | 国務尚書 | 政治家リヒテンラーデ,内閣,
empire,60,財務尚書,政治家ゲルラッハ,内閣 | 財務尚書 | 政治家ゲルラッハ,内閣,
empire,60,フェザーン駐在高等弁務官,政治家レムシャイト,駐フェザーン弁務官事務所 | フェザーン駐在高等弁務官 | 政治家レムシャイト,駐フェザーン弁務官事務所,
empire,60,軍務尚書,エーレンベルグ元帥,軍務省 | 軍務尚書 | エーレンベルグ元帥,軍務省,
empire,60,軍務省人事局長,ハウプト大将,軍務省 | 軍務省人事局長 | ハウプト大将,軍務省,
empire,60,統帥本部総長,シュタインホフ元帥,統帥本部 | 統帥本部総長 | シュタインホフ元帥,統帥本部,
empire,60,統帥本部作戦一課課長,シュタインホフ元帥,統帥本部 | 統帥本部作戦一課課長 | シュタインホフ元帥,統帥本部,
empire,60,統帥本部作戦二課課長,アーベントロート中将,統帥本部 | 統帥本部作戦二課課長 | アーベントロート中将,統帥本部,
empire,60,統帥本部作戦三課課長,アーベントロート中将,統帥本部 | 統帥本部作戦三課課長 | アーベントロート中将,統帥本部,
empire,60,宇宙艦隊司令長官,G.ミュッケンベルガー元帥,宇宙艦隊司令部 | 宇宙艦隊司令長官 | G.ミュッケンベルガー元帥,宇宙艦隊司令部,
empire,60,宇宙艦隊総参謀長,グライフス上級大将,宇宙艦隊司令部 | 宇宙艦隊総参謀長 | グライフス上級大将,宇宙艦隊司令部,
empire,60,憲兵総監,オッペンハイマー大将,憲兵本部 | 憲兵総監 | オッペンハイマー大将,憲兵本部,
empire,60,装甲擲弾兵総監,オフレッサー上級大将,装甲擲弾兵総監部 | 装甲擲弾兵総監 | オフレッサー上級大将,装甲擲弾兵総監部,
empire,60,科学技術総監,シャフト大将,科学技術総監部 | 科学技術総監 | シャフト大将,科学技術総監部,
empire,60,艦隊司令官,G.ミュッケンベルガー元帥,艦隊 | 艦隊司令官 | 第１艦隊 | G.ミュッケンベルガー元帥,艦隊,第１艦隊
empire,60,艦隊司令官,ローエングラム中将,艦隊 | 艦隊司令官 | 第２艦隊 | ローエングラム中将,艦隊,第２艦隊
empire,60,司令官副官,キルヒアイス少佐,艦隊 | 第２艦隊 | キルヒアイス少佐（司令官副官）,艦隊,第２艦隊
empire,60,艦隊司令官,メルカッツ大将,艦隊 | 艦隊司令官 | 第３艦隊 | メルカッツ大将,艦隊,第３艦隊
empire,60,艦隊司令官,シュターデン中将,艦隊 | 艦隊司令官 | 第４艦隊 | シュターデン中将,艦隊,第４艦隊
empire,60,艦隊司令官,フォーゲル中将,艦隊 | 艦隊司令官 | 第５艦隊 | フォーゲル中将,艦隊,第５艦隊
empire,60,艦隊司令官,ヒルデスハイム中将,艦隊 | 艦隊司令官 | 第６艦隊 | ヒルデスハイム中将,艦隊,第６艦隊
empire,61,艦隊司令官,ランズベルク中将,艦隊 | 艦隊司令官 | 第８艦隊 | ランズベルク中将,艦隊,第８艦隊
empire,61,艦隊司令官,フレーゲル中将,艦隊 | 艦隊司令官 | 第１０艦隊 | フレーゲル中将,艦隊,第１０艦隊
empire,61,艦隊司令官,ゼークト大将,艦隊 | 艦隊司令官 | 第１２艦隊 | ゼークト大将,艦隊,第１２艦隊
empire,61,巡察隊司令,グリューネマン少将,巡察隊 | 巡察隊司令 | 第４巡察隊 | グリューネマン少将,巡察隊,第４巡察隊
empire,61,巡察隊司令,ディッタースドルフ少将,巡察隊 | 巡察隊司令 | 第５巡察隊 | ディッタースドルフ少将,巡察隊,第５巡察隊
empire,61,巡察隊司令,ホフマイスター少将,巡察隊 | 巡察隊司令 | 第２９巡察隊 | ホフマイスター少将,巡察隊,第２９巡察隊
empire,61,巡察隊司令,グルーゼンシュテルン少将,巡察隊 | 巡察隊司令 | 第４４巡察隊 | グルーゼンシュテルン少将,巡察隊,第４４巡察隊
empire,61,巡察隊司令,ミッターマイヤー少将,巡察隊 | 巡察隊司令 | 第５３巡察隊 | ミッターマイヤー少将,巡察隊,第５３巡察隊
empire,61,巡察隊司令,ロイエンタール少将,巡察隊 | 巡察隊司令 | 第５４巡察隊 | ロイエンタール少将,巡察隊,第５４巡察隊
empire,61,巡察隊司令,レンネンカンプ少将,巡察隊 | 巡察隊司令 | 第５５巡察隊 | レンネンカンプ少将,巡察隊,第５５巡察隊
empire,61,要塞司令官,シュトックハウゼン上級大将,イゼルローン要塞 | 要塞司令官 | シュトックハウゼン上級大将,イゼルローン要塞,
alliance,66,議長,政治家サンフォード,最高評議会 | 議長 | 政治家サンフォード,最高評議会,
alliance,66,国防委員長,政治家トリューニヒト,最高評議会 | 国防委員長 | 政治家トリューニヒト,最高評議会,
alliance,66,財政委員長,政治家レベロ,最高評議会 | 財政委員長 | 政治家レベロ,最高評議会,
alliance,66,人的資源委員長,政治家ホワン,最高評議会 | 人的資源委員長 | 政治家ホワン,最高評議会,
alliance,66,情報交通委員長,政治家ウィンザー,最高評議会 | 情報交通委員長 | 政治家ウィンザー,最高評議会,
alliance,66,フェザーン駐在弁務官,政治家ヘンスロー,駐フェザーン弁務官事務所 | フェザーン駐在弁務官 | 政治家ヘンスロー,駐フェザーン弁務官事務所,
alliance,66,統合作戦本部長,シトレ元帥,統合作戦本部 | 統合作戦本部長 | シトレ元帥,統合作戦本部,
alliance,66,統合作戦本部第一次長,ドーソン大将,統合作戦本部 | 統合作戦本部第一次長 | ドーソン大将,統合作戦本部,
alliance,66,後方勤務本部長,ロックウェル大将,後方勤務本部 | 後方勤務本部長 | ロックウェル大将,後方勤務本部,
alliance,66,人事部長,グローブナー大将,国防委員会 | 人事部長 | グローブナー大将,国防委員会,
alliance,66,情報部長,ブロンズ中将,国防委員会 | 情報部長 | ブロンズ中将,国防委員会,
alliance,66,宇宙艦隊司令長官,ロボス元帥,宇宙艦隊司令部 | 宇宙艦隊司令長官 | ロボス元帥,宇宙艦隊司令部,
alliance,66,宇宙艦隊総参謀長,D.グリーンヒル大将,宇宙艦隊司令部 | 宇宙艦隊総参謀長 | D.グリーンヒル大将,宇宙艦隊司令部,
alliance,66,艦隊司令官,クブルスリー中将,艦隊 | 艦隊司令官 | 第１艦隊 | クブルスリー中将,艦隊,第１艦隊
alliance,66,艦隊司令官,パエッタ中将,艦隊 | 艦隊司令官 | 第２艦隊 | パエッタ中将,艦隊,第２艦隊
alliance,66,副司令官,アーメド少将,艦隊 | 第２艦隊 | アーメド少将（副司令官）,艦隊,第２艦隊
alliance,66,艦隊司令官,ルフェーブル中将,艦隊 | 艦隊司令官 | 第３艦隊 | ルフェーブル中将,艦隊,第３艦隊
alliance,66,艦隊司令官,パストーレ中将,艦隊 | 艦隊司令官 | 第４艦隊 | パストーレ中将,艦隊,第４艦隊
alliance,66,副司令官,タナンチャイ少将,艦隊 | 第４艦隊 | タナンチャイ少将（副司令官）,艦隊,第４艦隊
alliance,66,艦隊司令官,ビュコック中将,艦隊 | 艦隊司令官 | 第５艦隊 | ビュコック中将,艦隊,第５艦隊
alliance,66,副司令官,モンシャルマン少将,艦隊 | 第５艦隊 | モンシャルマン少将（副司令官）,艦隊,第５艦隊
alliance,66,艦隊司令官,ムーア中将,艦隊 | 艦隊司令官 | 第６艦隊 | ムーア中将,艦隊,第６艦隊
alliance,66,艦隊司令官,ホーウッド中将,艦隊 | 艦隊司令官 | 第７艦隊 | ホーウッド中将,艦隊,第７艦隊
alliance,66,艦隊司令官,アップルトン中将,艦隊 | 艦隊司令官 | 第８艦隊 | アップルトン中将,艦隊,第８艦隊
alliance,66,艦隊司令官,アル・サレム中将,艦隊 | 艦隊司令官 | 第９艦隊 | アル・サレム中将,艦隊,第９艦隊
alliance,66,副司令官,モートン少将,艦隊 | 第９艦隊 | モートン少将（副司令官）,艦隊,第９艦隊
alliance,66,艦隊司令官,ウランフ中将,艦隊 | 艦隊司令官 | 第１０艦隊 | ウランフ中将,艦隊,第１０艦隊
alliance,66,副司令官,チェン少将,艦隊 | 第１０艦隊 | チェン少将（副司令官）,艦隊,第１０艦隊
alliance,66,艦隊司令官,ホーランド中将,艦隊 | 艦隊司令官 | 第１１艦隊 | ホーランド中将,艦隊,第１１艦隊
alliance,66,艦隊司令官,ボロディン中将,艦隊 | 艦隊司令官 | 第１２艦隊 | ボロディン中将,艦隊,第１２艦隊
alliance,66,副司令官,コナリー少将,艦隊 | 第１２艦隊 | コナリー少将（副司令官）,艦隊,第１２艦隊
alliance,66,巡察隊司令,カールセン少将,巡察隊 | 巡察隊司令 | 第１１巡察隊 | カールセン少将,巡察隊,第１１巡察隊
alliance,66,巡察隊司令,マリネッティ准将,巡察隊 | 巡察隊司令 | 第１６巡察隊 | マリネッティ准将,巡察隊,第１６巡察隊
alliance,67,巡察隊司令,アラルコン少将,巡察隊 | 巡察隊司令 | 第２１巡察隊 | アラルコン少将,巡察隊,第２１巡察隊
alliance,67,巡察隊司令,ザーニアル准将,巡察隊 | 巡察隊司令 | 第２６巡察隊 | ザーニアル准将,巡察隊,第２６巡察隊
alliance,67,巡察隊司令,ルグランジュ少将,巡察隊 | 巡察隊司令 | 第３１巡察隊 | ルグランジュ少将,巡察隊,第３１巡察隊
alliance,67,巡察隊司令,デッシュ准将,巡察隊 | 巡察隊司令 | 第３６巡察隊 | デッシュ准将,巡察隊,第３６巡察隊
alliance,67,巡察隊司令,マスカーニ准将,巡察隊 | 巡察隊司令 | 第４６巡察隊 | マスカーニ准将,巡察隊,第４６巡察隊
alliance,67,巡察隊司令,グエン准将,巡察隊 | 巡察隊司令 | 第５６巡察隊 | グエン准将,巡察隊,第５６巡察隊
