page,table,columns,values,faction,kind
75,0,艦隊番号|星系|惑星/要塞,第１艦隊|ヴァルハラ|オーディン,empire,deployment
75,0,艦隊番号|星系|惑星/要塞,第２艦隊|ヴァルハラ|オーディン,empire,deployment
75,0,艦隊番号|星系|惑星/要塞,第３艦隊|アルテナ|ノイエンラーデ,empire,deployment
75,0,艦隊番号|星系|惑星/要塞,第４艦隊|アムリッツァ|ハーフェン,empire,deployment
75,0,艦隊番号|星系|惑星/要塞,第５艦隊|アムリッツァ|ハーフェン,empire,deployment
75,0,艦隊番号|星系|惑星/要塞,第６艦隊|フレイア|レンテンベルグ,empire,deployment
75,0,艦隊番号|星系|惑星/要塞,第７艦隊|フレイア|レンテンベルグ,empire,deployment
75,0,艦隊番号|星系|惑星/要塞,第８艦隊|キフォイザー|ガルミッシュ,empire,deployment
75,0,艦隊番号|星系|惑星/要塞,第９艦隊|キフォイザー|ガルミッシュ,empire,deployment
75,0,艦隊番号|星系|惑星/要塞,第10艦隊|アイゼンヘルツ|ガイエスブルグ,empire,deployment
75,0,艦隊番号|星系|惑星/要塞,第11艦隊|アイゼンヘルツ|ガイエスブルグ,empire,deployment
75,0,艦隊番号|星系|惑星/要塞,第12艦隊|イゼルローン|イゼルローン,empire,deployment
75,1,艦隊番号|星系|惑星/要塞,第１艦隊|バーラト|ハイネセン,alliance,deployment
75,1,艦隊番号|星系|惑星/要塞,第２艦隊|バーラト|ハイネセン,alliance,deployment
75,1,艦隊番号|星系|惑星/要塞,第３艦隊|ポレヴィト|ルジアーナ,alliance,deployment
75,1,艦隊番号|星系|惑星/要塞,第４艦隊|ドーリア|ボルケーゼ,alliance,deployment
75,1,艦隊番号|星系|惑星/要塞,第５艦隊|エル・ファシル|サンタ・アナ,alliance,deployment
75,1,艦隊番号|星系|惑星/要塞,第６艦隊|ドーリア|ボルケーゼ,alliance,deployment
75,1,艦隊番号|星系|惑星/要塞,第７艦隊|ポレヴィト|ルジアーナ,alliance,deployment
75,1,艦隊番号|星系|惑星/要塞,第８艦隊|シュパーラ|シウダ・ロドリゴ,alliance,deployment
75,1,艦隊番号|星系|惑星/要塞,第９艦隊|エル・ファシル|サンタ・アナ,alliance,deployment
75,1,艦隊番号|星系|惑星/要塞,第10艦隊|ケリム|カッシナ,alliance,deployment
75,1,艦隊番号|星系|惑星/要塞,第11艦隊|シュパーラ|シウダ・ロドリゴ,alliance,deployment
75,1,艦隊番号|星系|惑星/要塞,第12艦隊|ケリム|カッシナ,alliance,deployment
75,2,巡察隊番号|ユニット配置星系|ユニット配置惑星,第１巡察隊 / ～第３巡察隊|ヴァルハラ|オーディン,empire,deployment
75,2,巡察隊番号|ユニット配置星系|ユニット配置惑星,第４巡察隊 / ～第５巡察隊|アルテナ|ナッハロート,empire,deployment
75,2,巡察隊番号|ユニット配置星系|ユニット配置惑星,第６巡察隊|ニブルヘイム|エリューズニル,empire,deployment
75,2,巡察隊番号|ユニット配置星系|ユニット配置惑星,第７巡察隊|ヴェルラ|シュテファニ,empire,deployment
75,2,巡察隊番号|ユニット配置星系|ユニット配置惑星,第８巡察隊|シャンタウ|クネスドルフ,empire,deployment
75,2,巡察隊番号|ユニット配置星系|ユニット配置惑星,第９巡察隊|アスガルド|トイトブルク,empire,deployment
75,2,巡察隊番号|ユニット配置星系|ユニット配置惑星,第10巡察隊|ルイトボルディング|ルイトポルト,empire,deployment
75,2,巡察隊番号|ユニット配置星系|ユニット配置惑星,第11巡察隊 / ～第13巡察隊|ヴィレンンシュタイン|ヴァイセンホルン,empire,deployment
75,2,巡察隊番号|ユニット配置星系|ユニット配置惑星,第14巡察隊 / ～第16巡察隊|リンダーホーフ|ホーエンシュヴァンガウ,empire,deployment
75,2,巡察隊番号|ユニット配置星系|ユニット配置惑星,第17巡察隊 / ～第19巡察隊|ヴァナヘイム|フレイ,empire,deployment
75,2,巡察隊番号|ユニット配置星系|ユニット配置惑星,第20巡察隊 / ～第22巡察隊|ヴィテルスバッハ|ニュンフェンブルク,empire,deployment
75,2,巡察隊番号|ユニット配置星系|ユニット配置惑星,第23巡察隊 / ～第25巡察隊|ウォームスガウ|コンラート,empire,deployment
75,2,巡察隊番号|ユニット配置星系|ユニット配置惑星,第26巡察隊 / ～第28巡察隊|バルドレ|フリングホルニ,empire,deployment
75,2,巡察隊番号|ユニット配置星系|ユニット配置惑星,第29巡察隊 / ～第31巡察隊|アムリッツァ|ハーフェン,empire,deployment
75,2,巡察隊番号|ユニット配置星系|ユニット配置惑星,第32巡察隊 / ～第34巡察隊|ビルロスト|ヘイムダル,empire,deployment
75,2,巡察隊番号|ユニット配置星系|ユニット配置惑星,第35巡察隊 / ～第37巡察隊|ヴァンステイド|ファルドガルデ,empire,deployment
75,2,巡察隊番号|ユニット配置星系|ユニット配置惑星,第38巡察隊 / ～第40巡察隊|ドヴェルグ|グレイプニル,empire,deployment
75,2,巡察隊番号|ユニット配置星系|ユニット配置惑星,第41巡察隊 / ～第43巡察隊|フレイア|レンテンベルク,empire,deployment
75,2,巡察隊番号|ユニット配置星系|ユニット配置惑星,第44巡察隊 / ～第46巡察隊|アイゼンヘルツ|ガイエスブルク,empire,deployment
75,2,巡察隊番号|ユニット配置星系|ユニット配置惑星,第47巡察隊|フォルゲン|シュヴァンガウ,empire,deployment
75,2,巡察隊番号|ユニット配置星系|ユニット配置惑星,第49巡察隊|キフォイザー|ガルミッシュ,empire,deployment
75,2,巡察隊番号|ユニット配置星系|ユニット配置惑星,第50巡察隊 / ～第52巡察隊|イゼルローン|イゼルローン,empire,deployment
75,2,巡察隊番号|ユニット配置星系|ユニット配置惑星,第53巡察隊 / ～第60巡察隊||,empire,deployment
75,3,巡察隊番号|ユニット配置星系|ユニット配置惑星,第１巡察隊 / ～第５巡察隊|バーラト|ハイネセン,alliance,deployment
75,3,巡察隊番号|ユニット配置星系|ユニット配置惑星,第６巡察隊 / ～第10巡察隊|リューカス|ヴァルミー,alliance,deployment
75,3,巡察隊番号|ユニット配置星系|ユニット配置惑星,第11巡察隊 / ～第15巡察隊|ドーリア|ボルゲーゼ,alliance,deployment
75,3,巡察隊番号|ユニット配置星系|ユニット配置惑星,第16巡察隊 / ～第20巡察隊|ジャムシード|カッファー,alliance,deployment
75,3,巡察隊番号|ユニット配置星系|ユニット配置惑星,第21巡察隊 / ～第25巡察隊|ケリム|カッシナ,alliance,deployment
75,3,巡察隊番号|ユニット配置星系|ユニット配置惑星,第26巡察隊 / ～第30巡察隊|ロフォーテン|ルドミラ,alliance,deployment
75,3,巡察隊番号|ユニット配置星系|ユニット配置惑星,第31巡察隊 / ～第35巡察隊|エル・ファシル|サンタ・アナ,alliance,deployment
75,3,巡察隊番号|ユニット配置星系|ユニット配置惑星,第36巡察隊 / ～第40巡察隊|ポレヴィト|ルジアーナ,alliance,deployment
75,3,巡察隊番号|ユニット配置星系|ユニット配置惑星,第41巡察隊 / ～第45巡察隊|メルカルト|ネルガル,alliance,deployment
75,3,巡察隊番号|ユニット配置星系|ユニット配置惑星,第46巡察隊 / ～第49巡察隊|リオ・ヴェルデ|サン・カルロス,alliance,deployment
75,3,巡察隊番号|ユニット配置星系|ユニット配置惑星,第50巡察隊 / ～第55巡察隊|シュバーラ|シウダ・ロドリゴ,alliance,deployment
75,3,巡察隊番号|ユニット配置星系|ユニット配置惑星,第56巡察隊 / ～第60巡察隊|ファラーファラ|ミセヌム,alliance,deployment
75,4,地上部隊番号|ユニット配置星系|ユニット配置惑星,第１地上部隊 / ～第５地上部隊|バーラト|ハイネセン,alliance,deployment
75,4,地上部隊番号|ユニット配置星系|ユニット配置惑星,第６地上部隊 / ～第10地上部隊|リューカス|ヴァルミー,alliance,deployment
75,4,地上部隊番号|ユニット配置星系|ユニット配置惑星,第11地上部隊 / ～第15地上部隊|ドーリア|ボルケーゼ,alliance,deployment
75,4,地上部隊番号|ユニット配置星系|ユニット配置惑星,第16地上部隊 / ～第20地上部隊|ジャムシード|カッファー,alliance,deployment
75,4,地上部隊番号|ユニット配置星系|ユニット配置惑星,第21地上部隊 / ～第25地上部隊|ケリム|カッシナ,alliance,deployment
75,4,地上部隊番号|ユニット配置星系|ユニット配置惑星,第26地上部隊 / ～第30地上部隊|ロフォーデン|ルドミラ,alliance,deployment
75,4,地上部隊番号|ユニット配置星系|ユニット配置惑星,第31地上部隊 / ～第35地上部隊|エル・ファシル|サンア・アナ,alliance,deployment
75,4,地上部隊番号|ユニット配置星系|ユニット配置惑星,第36地上部隊 / ～第40地上部隊|ポレヴィト|ルジアーナ,alliance,deployment
75,4,地上部隊番号|ユニット配置星系|ユニット配置惑星,第41地上部隊 / ～第45地上部隊|メルカルト|ネルガル,alliance,deployment
75,4,地上部隊番号|ユニット配置星系|ユニット配置惑星,第46地上部隊 / ～第50地上部隊|リオ・ヴェルデ|サン・カルロス,alliance,deployment
75,4,地上部隊番号|ユニット配置星系|ユニット配置惑星,第51地上部隊|シュパーラ|シウダ・ロドリゴ,alliance,deployment
75,4,地上部隊番号|ユニット配置星系|ユニット配置惑星,第52地上部隊 / ～第55地上部隊|エル・ファシル|サンタ・アナ,alliance,deployment
75,4,地上部隊番号|ユニット配置星系|ユニット配置惑星,第56地上部隊 / ～第60地上部隊|ファラーファラ|ミセヌム,alliance,deployment
75,5,地上部隊番号|ユニット配置星系|ユニット配置惑星,第１地上部隊 / ～第10地上部隊|ヴァルハラ|オーディン,empire,deployment
75,5,地上部隊番号|ユニット配置星系|ユニット配置惑星,第11地上部隊 / ～第20地上部隊|ヴィレンシュタイン|ヴァイセンホルン,empire,deployment
75,5,地上部隊番号|ユニット配置星系|ユニット配置惑星,第21地上部隊 / ～第30地上部隊|ヴィッテルスバッハ|ニュンフェンブルク,empire,deployment
75,5,地上部隊番号|ユニット配置星系|ユニット配置惑星,第31地上部隊 / ～第40地上部隊|アムリッツァ|ハーフェン,empire,deployment
75,5,地上部隊番号|ユニット配置星系|ユニット配置惑星,第41地上部隊 / ～第50地上部隊|アイゼンヘルツ|ガイエスブルグ,empire,deployment
75,5,地上部隊番号|ユニット配置星系|ユニット配置惑星,第51地上部隊 / ～第60地上部隊|イゼルローン|イゼルローン,empire,deployment
76,0,星系名|惑星名|艦艇ユニット種別|乗組員ユニット種別|陸戦兵ユニット種別,アイゼンヘルツ|ヒンターヴィルド|巡航艦Ⅵ|艦隊乗組員|軽装陸戦兵 / 軽装陸戦兵 / 装甲擲弾兵 / 装甲兵,empire,automatic_production
76,0,星系名|惑星名|艦艇ユニット種別|乗組員ユニット種別|陸戦兵ユニット種別,アイゼンヘルツ|ガイエスブルク|戦艦Ⅰ / 高速戦艦Ⅰ / 巡航艦Ⅰ / 駆逐艦Ⅰ / 駆逐艦Ⅰ|艦隊乗組員 / 艦隊乗組員 / 艦隊乗組員 / 艦隊乗組員 / 艦隊乗組員|軽装陸戦兵,empire,automatic_production
76,0,星系名|惑星名|艦艇ユニット種別|乗組員ユニット種別|陸戦兵ユニット種別,アイゼンヘルツ|ラドメール|雷撃艇母艦Ⅰ|艦隊乗組員|軽装陸戦兵 / 軽装陸戦兵 / 装甲擲弾兵,empire,automatic_production
76,0,星系名|惑星名|艦艇ユニット種別|乗組員ユニット種別|陸戦兵ユニット種別,アイゼンヘルツ|ゴータ|揚陸艇Ⅱ|艦隊乗組員|軽装陸戦兵 / 軽装陸戦兵,empire,automatic_production
76,0,星系名|惑星名|艦艇ユニット種別|乗組員ユニット種別|陸戦兵ユニット種別,アスガルド|ミーミル|高速戦艦Ⅳ|艦隊乗組員|軽装陸戦兵 / 軽装陸戦兵,empire,automatic_production
76,0,星系名|惑星名|艦艇ユニット種別|乗組員ユニット種別|陸戦兵ユニット種別,アスガルド|ギンヌンガガプ|||軽装陸戦兵 / 軽装陸戦兵,empire,automatic_production
76,0,星系名|惑星名|艦艇ユニット種別|乗組員ユニット種別|陸戦兵ユニット種別,アスガルド|トイトブルク|||軽装陸戦兵 / 軽装陸戦兵,empire,automatic_production
76,0,星系名|惑星名|艦艇ユニット種別|乗組員ユニット種別|陸戦兵ユニット種別,アスガルド|イーダリル|雷撃艇母艦Ⅱ|艦隊乗組員|軽装陸戦兵 / 軽装陸戦兵,empire,automatic_production
76,0,星系名|惑星名|艦艇ユニット種別|乗組員ユニット種別|陸戦兵ユニット種別,アムリッツァ|クラインゲルト|雷撃艇母艦Ⅲ|艦隊乗組員|軽装陸戦兵 / 軽装陸戦兵 / 装甲擲弾兵,empire,automatic_production
76,0,星系名|惑星名|艦艇ユニット種別|乗組員ユニット種別|陸戦兵ユニット種別,アムリッツァ|モールゲン|巡航艦Ⅶ|艦隊乗組員|軽装陸戦兵 / 軽装陸戦兵 / 装甲擲弾兵,empire,automatic_production
76,0,星系名|惑星名|艦艇ユニット種別|乗組員ユニット種別|陸戦兵ユニット種別,アムリッツァ|ダンク|||軽装陸戦兵 / 軽装陸戦兵,empire,automatic_production
76,0,星系名|惑星名|艦艇ユニット種別|乗組員ユニット種別|陸戦兵ユニット種別,アムリッツァ|ハーフェン|戦艦Ⅰ / 高速戦艦Ⅰ / 巡航艦Ⅰ / 駆逐艦Ⅰ / 駆逐艦Ⅰ|艦隊乗組員 / 艦隊乗組員 / 艦隊乗組員 / 艦隊乗組員 / 艦隊乗組員|軽装陸戦兵,empire,automatic_production
76,0,星系名|惑星名|艦艇ユニット種別|乗組員ユニット種別|陸戦兵ユニット種別,アルヴィース|ビルスキルニル|||軽装陸戦兵 / 軽装陸戦兵,empire,automatic_production
76,0,星系名|惑星名|艦艇ユニット種別|乗組員ユニット種別|陸戦兵ユニット種別,アルヴィース|スルード|||軽装陸戦兵 / 軽装陸戦兵,empire,automatic_production
76,0,星系名|惑星名|艦艇ユニット種別|乗組員ユニット種別|陸戦兵ユニット種別,アルヴィース|ウンターグリューン|||軽装陸戦兵 / 軽装陸戦兵,empire,automatic_production
76,0,星系名|惑星名|艦艇ユニット種別|乗組員ユニット種別|陸戦兵ユニット種別,アルヴィース|ヴァンガル|||軽装陸戦兵 / 軽装陸戦兵,empire,automatic_production
76,0,星系名|惑星名|艦艇ユニット種別|乗組員ユニット種別|陸戦兵ユニット種別,アルタイル|カタラウヌム|||軽装陸戦兵,empire,automatic_production
76,0,星系名|惑星名|艦艇ユニット種別|乗組員ユニット種別|陸戦兵ユニット種別,アルタイル|アンティノウス|||軽装陸戦兵,empire,automatic_production
76,0,星系名|惑星名|艦艇ユニット種別|乗組員ユニット種別|陸戦兵ユニット種別,アルタイル|テルモピュレー|||軽装陸戦兵,empire,automatic_production
76,0,星系名|惑星名|艦艇ユニット種別|乗組員ユニット種別|陸戦兵ユニット種別,アルタイル|アルタイル|||軽装陸戦兵,empire,automatic_production
76,0,星系名|惑星名|艦艇ユニット種別|乗組員ユニット種別|陸戦兵ユニット種別,アルテナ|ヴェセルデ|||軽装陸戦兵 / 軽装陸戦兵,empire,automatic_production
76,0,星系名|惑星名|艦艇ユニット種別|乗組員ユニット種別|陸戦兵ユニット種別,アルテナ|ナッハロート|巡航艦Ⅷ|艦隊乗組員|軽装陸戦兵 / 軽装陸戦兵,empire,automatic_production
76,0,星系名|惑星名|艦艇ユニット種別|乗組員ユニット種別|陸戦兵ユニット種別,アルテナ|ノイエンラーデ|戦艦Ⅰ / 高速戦艦Ⅰ / 巡航艦Ⅰ / 駆逐艦Ⅰ / 駆逐艦Ⅰ|艦隊乗組員 / 艦隊乗組員 / 艦隊乗組員 / 艦隊乗組員 / 艦隊乗組員|軽装陸戦兵,empire,automatic_production
76,0,星系名|惑星名|艦艇ユニット種別|乗組員ユニット種別|陸戦兵ユニット種別,アルテナ|ヘートフェルト|||軽装陸戦兵 / 軽装陸戦兵,empire,automatic_production
76,0,星系名|惑星名|艦艇ユニット種別|乗組員ユニット種別|陸戦兵ユニット種別,アルメントフベール|ビッケンバッハ|戦艦Ⅰ / 駆逐艦Ⅱ|艦隊乗組員 / 艦隊乗組員 / 艦隊乗組員 / 艦隊乗組員 / 艦隊乗組員|軽装陸戦兵 / 軽装陸戦兵,empire,automatic_production
76,0,星系名|惑星名|艦艇ユニット種別|乗組員ユニット種別|陸戦兵ユニット種別,アルメントフベール|ゲルンスハイム|||軽装陸戦兵 / 軽装陸戦兵,empire,automatic_production
76,0,星系名|惑星名|艦艇ユニット種別|乗組員ユニット種別|陸戦兵ユニット種別,アルメントフベール|アルスバッハ|||軽装陸戦兵 / 軽装陸戦兵,empire,automatic_production
76,0,星系名|惑星名|艦艇ユニット種別|乗組員ユニット種別|陸戦兵ユニット種別,アルメントフベール|クレーベルク|||軽装陸戦兵 / 軽装陸戦兵,empire,automatic_production
76,0,星系名|惑星名|艦艇ユニット種別|乗組員ユニット種別|陸戦兵ユニット種別,イゼルローン|イゼルローン|戦艦Ⅰ / 高速戦艦Ⅰ / 巡航艦Ⅰ / 駆逐艦Ⅰ / 駆逐艦Ⅰ|艦隊乗組員 / 艦隊乗組員 / 艦隊乗組員 / 艦隊乗組員 / 艦隊乗組員|軽装陸戦兵,empire,automatic_production
76,0,星系名|惑星名|艦艇ユニット種別|乗組員ユニット種別|陸戦兵ユニット種別,ヴァナヘイム|エインヘリヤル|高速戦艦Ⅴ / 艦隊乗組員||軽装陸戦兵 / 軽装陸戦兵,empire,automatic_production
76,0,星系名|惑星名|艦艇ユニット種別|乗組員ユニット種別|陸戦兵ユニット種別,ヴァナヘイム|ノーアトゥーン|||軽装陸戦兵 / 軽装陸戦兵,empire,automatic_production
76,0,星系名|惑星名|艦艇ユニット種別|乗組員ユニット種別|陸戦兵ユニット種別,ヴァナヘイム|ニョルド|雷撃艇母艦Ⅳ|艦隊乗組員|軽装陸戦兵 / 軽装陸戦兵,empire,automatic_production
76,0,星系名|惑星名|艦艇ユニット種別|乗組員ユニット種別|陸戦兵ユニット種別,ヴァナヘイム|フレイ|||軽装陸戦兵 / 軽装陸戦兵,empire,automatic_production
76,0,星系名|惑星名|艦艇ユニット種別|乗組員ユニット種別|陸戦兵ユニット種別,ヴァルデマール|ウーファー|戦艦Ⅰ / 駆逐艦Ⅱ|艦隊乗組員 / 艦隊乗組員 / 艦隊乗組員 / 艦隊乗組員 / 艦隊乗組員|軽装陸戦兵 / 軽装陸戦兵,empire,automatic_production
76,0,星系名|惑星名|艦艇ユニット種別|乗組員ユニット種別|陸戦兵ユニット種別,ヴァルデマール|パウル|||軽装陸戦兵 / 軽装陸戦兵,empire,automatic_production
76,0,星系名|惑星名|艦艇ユニット種別|乗組員ユニット種別|陸戦兵ユニット種別,ヴァルデマール|リンケ|||軽装陸戦兵 / 軽装陸戦兵,empire,automatic_production
76,0,星系名|惑星名|艦艇ユニット種別|乗組員ユニット種別|陸戦兵ユニット種別,ヴァルハラ|ゾースト|高速戦艦Ⅱ|艦隊乗組員|軽装陸戦兵 / 軽装陸戦兵,empire,automatic_production
76,0,星系名|惑星名|艦艇ユニット種別|乗組員ユニット種別|陸戦兵ユニット種別,ヴァルハラ|オーディン|戦艦Ⅰ / 高速戦艦Ⅰ / 巡航艦Ⅰ / 駆逐艦Ⅰ / 駆逐艦Ⅰ / 駆逐艦Ⅱ|艦隊乗組員 / 艦隊乗組員 / 艦隊乗組員 / 艦隊乗組員 / 艦隊乗組員|軽装陸戦兵 / 軽装陸戦兵,empire,automatic_production
76,0,星系名|惑星名|艦艇ユニット種別|乗組員ユニット種別|陸戦兵ユニット種別,ヴァルハラ|トゥール|高速戦艦Ⅲ|艦隊乗組員|軽装陸戦兵 / 軽装陸戦兵 / 装甲擲弾兵,empire,automatic_production
76,0,星系名|惑星名|艦艇ユニット種別|乗組員ユニット種別|陸戦兵ユニット種別,ヴァルハラ|ヴァルグリンド|戦闘艇母艦Ⅰ|艦隊乗組員|軽装陸戦兵 / 軽装陸戦兵 / 装甲擲弾兵 / 装甲兵,empire,automatic_production
76,0,星系名|惑星名|艦艇ユニット種別|乗組員ユニット種別|陸戦兵ユニット種別,ヴァンステイド|ラヴンストラップ|戦艦Ⅱ|艦隊乗組員|軽装陸戦兵 / 軽装陸戦兵,empire,automatic_production
76,0,星系名|惑星名|艦艇ユニット種別|乗組員ユニット種別|陸戦兵ユニット種別,ヴァンステイド|レグステッド|工作艦Ⅰ|艦隊乗組員|軽装陸戦兵 / 軽装陸戦兵,empire,automatic_production
76,0,星系名|惑星名|艦艇ユニット種別|乗組員ユニット種別|陸戦兵ユニット種別,ヴァンステイド|ファルドガルデ|||軽装陸戦兵 / 軽装陸戦兵,empire,automatic_production
76,0,星系名|惑星名|艦艇ユニット種別|乗組員ユニット種別|陸戦兵ユニット種別,ヴィッテルスバッハ|レジデンツ|戦艦Ⅰ / 駆逐艦Ⅱ|艦隊乗組員 / 艦隊乗組員 / 艦隊乗組員 / 艦隊乗組員 / 艦隊乗組員|軽装陸戦兵 / 軽装陸戦兵,empire,automatic_production
76,1,星系名|惑星名|艦艇ユニット種別|乗組員ユニット種別|陸戦兵ユニット種別,エリューセラ|コルテラッツォ|戦艦Ⅵ|艦隊乗組員|軽装陸戦兵 / 軽装陸戦兵,alliance,automatic_production
76,1,星系名|惑星名|艦艇ユニット種別|乗組員ユニット種別|陸戦兵ユニット種別,エリューセラ|ポンテ・クレパルド|兵員輸送艦Ⅲ|艦隊乗組員|軽装陸戦兵 / 軽装陸戦兵,alliance,automatic_production
76,1,星系名|惑星名|艦艇ユニット種別|乗組員ユニット種別|陸戦兵ユニット種別,エリューセラ|クルッキド|兵員輸送艦Ⅳ|艦隊乗組員|軽装陸戦兵 / 軽装陸戦兵,alliance,automatic_production
76,1,星系名|惑星名|艦艇ユニット種別|乗組員ユニット種別|陸戦兵ユニット種別,エリューセラ|アンドロス|揚陸艦Ⅰ|艦隊乗組員|軽装陸戦兵 / 軽装陸戦兵,alliance,automatic_production
76,1,星系名|惑星名|艦艇ユニット種別|乗組員ユニット種別|陸戦兵ユニット種別,エル・ファシル|カルタヘナ|戦艦Ⅶ|艦隊乗組員|軽装陸戦兵 / 軽装陸戦兵,alliance,automatic_production
76,1,星系名|惑星名|艦艇ユニット種別|乗組員ユニット種別|陸戦兵ユニット種別,エル・ファシル|ラス・カシタス|||軽装陸戦兵 / 軽装陸戦兵,alliance,automatic_production
76,1,星系名|惑星名|艦艇ユニット種別|乗組員ユニット種別|陸戦兵ユニット種別,エル・ファシル|サンタ・アナ|戦艦Ⅰ / 巡航艦Ⅰ / 打撃巡航艦Ⅰ / 駆逐艦Ⅰ / 戦闘艇母艦Ⅰ|艦隊乗組員 / 艦隊乗組員 / 艦隊乗組員 / 艦隊乗組員 / 艦隊乗組員|軽装陸戦兵,alliance,automatic_production
76,1,星系名|惑星名|艦艇ユニット種別|乗組員ユニット種別|陸戦兵ユニット種別,エル・ファシル|サルバドル|||軽装陸戦兵 / 軽装陸戦兵,alliance,automatic_production
76,1,星系名|惑星名|艦艇ユニット種別|乗組員ユニット種別|陸戦兵ユニット種別,エルゴン|カモロク|||軽装陸戦兵 / 軽装陸戦兵,alliance,automatic_production
76,1,星系名|惑星名|艦艇ユニット種別|乗組員ユニット種別|陸戦兵ユニット種別,エルゴン|ブタンディガ|揚陸艇Ⅳ|艦隊乗組員|軽装陸戦兵 / 軽装陸戦兵,alliance,automatic_production
76,1,星系名|惑星名|艦艇ユニット種別|乗組員ユニット種別|陸戦兵ユニット種別,エルゴン|ムバレ|||軽装陸戦兵 / 軽装陸戦兵 / 装甲擲弾兵,alliance,automatic_production
76,1,星系名|惑星名|艦艇ユニット種別|乗組員ユニット種別|陸戦兵ユニット種別,エルゴン|カンパラ|||軽装陸戦兵 / 軽装陸戦兵 / 装甲擲弾兵,alliance,automatic_production
76,1,星系名|惑星名|艦艇ユニット種別|乗組員ユニット種別|陸戦兵ユニット種別,ケリム|カッシナ|戦艦Ⅰ / 巡航艦Ⅰ / 打撃巡航艦Ⅰ / 駆逐艦Ⅰ / 戦闘艇母艦Ⅰ|艦隊乗組員 / 艦隊乗組員 / 艦隊乗組員 / 艦隊乗組員 / 艦隊乗組員|軽装陸戦兵,alliance,automatic_production
76,1,星系名|惑星名|艦艇ユニット種別|乗組員ユニット種別|陸戦兵ユニット種別,ケリム|バフラ|戦闘艇母艦Ⅱ|艦隊乗組員|軽装陸戦兵 / 軽装陸戦兵 / 装甲擲弾兵,alliance,automatic_production
76,1,星系名|惑星名|艦艇ユニット種別|乗組員ユニット種別|陸戦兵ユニット種別,ケリム|アユディン|揚陸艦Ⅱ|艦隊乗組員|軽装陸戦兵 / 軽装陸戦兵 / 装甲擲弾兵,alliance,automatic_production
76,1,星系名|惑星名|艦艇ユニット種別|乗組員ユニット種別|陸戦兵ユニット種別,ケリム|パラス|戦艦Ⅷ|艦隊乗組員|軽装陸戦兵 / 軽装陸戦兵 / 装甲兵,alliance,automatic_production
76,1,星系名|惑星名|艦艇ユニット種別|乗組員ユニット種別|陸戦兵ユニット種別,ジャムシード|タフテ・ジャムシード|||軽装陸戦兵 / 軽装陸戦兵,alliance,automatic_production
76,1,星系名|惑星名|艦艇ユニット種別|乗組員ユニット種別|陸戦兵ユニット種別,ジャムシード|カッファー|巡航艦Ⅱ|艦隊乗組員|軽装陸戦兵 / 軽装陸戦兵 / 装甲擲弾兵,alliance,automatic_production
76,1,星系名|惑星名|艦艇ユニット種別|乗組員ユニット種別|陸戦兵ユニット種別,ジャムシード|ムハバット|||軽装陸戦兵 / 軽装陸戦兵,alliance,automatic_production
76,1,星系名|惑星名|艦艇ユニット種別|乗組員ユニット種別|陸戦兵ユニット種別,ジャムシード|アパダナ|揚陸艦Ⅲ|艦隊乗組員|軽装陸戦兵 / 軽装陸戦兵 / 装甲擲弾兵 / 装甲兵,alliance,automatic_production
76,1,星系名|惑星名|艦艇ユニット種別|乗組員ユニット種別|陸戦兵ユニット種別,シュパーラ|アルンキパ|||軽装陸戦兵 / 軽装陸戦兵,alliance,automatic_production
76,1,星系名|惑星名|艦艇ユニット種別|乗組員ユニット種別|陸戦兵ユニット種別,シュパーラ|ヴィスカ・グランデ|巡航艦Ⅲ|艦隊乗組員|軽装陸戦兵 / 軽装陸戦兵 / 装甲擲弾兵,alliance,automatic_production
76,1,星系名|惑星名|艦艇ユニット種別|乗組員ユニット種別|陸戦兵ユニット種別,シュパーラ|シウダ・ロドリゴ|戦艦Ⅰ / 巡航艦Ⅰ / 打撃巡航艦Ⅰ / 駆逐艦Ⅰ / 戦闘艇母艦Ⅰ|艦隊乗組員 / 艦隊乗組員 / 艦隊乗組員 / 艦隊乗組員 / 艦隊乗組員|軽装陸戦兵,alliance,automatic_production
76,1,星系名|惑星名|艦艇ユニット種別|乗組員ユニット種別|陸戦兵ユニット種別,シュパーラ|ヴィシュコフ|||軽装陸戦兵 / 軽装陸戦兵 / 装甲擲弾兵,alliance,automatic_production
76,1,星系名|惑星名|艦艇ユニット種別|乗組員ユニット種別|陸戦兵ユニット種別,シロン|ネプティス|揚陸艦Ⅳ|艦隊乗組員|軽装陸戦兵 / 軽装陸戦兵,alliance,automatic_production
76,1,星系名|惑星名|艦艇ユニット種別|乗組員ユニット種別|陸戦兵ユニット種別,シロン|ジャライン|||軽装陸戦兵 / 軽装陸戦兵,alliance,automatic_production
76,1,星系名|惑星名|艦艇ユニット種別|乗組員ユニット種別|陸戦兵ユニット種別,シロン|アヌビス|巡航艦Ⅳ|艦隊乗組員|軽装陸戦兵 / 軽装陸戦兵,alliance,automatic_production
76,1,星系名|惑星名|艦艇ユニット種別|乗組員ユニット種別|陸戦兵ユニット種別,シロン|オシリス|||軽装陸戦兵 / 軽装陸戦兵,alliance,automatic_production
76,1,星系名|惑星名|艦艇ユニット種別|乗組員ユニット種別|陸戦兵ユニット種別,タッシリ|タッシリ・ナジェール|巡航艦Ⅴ|艦隊乗組員|軽装陸戦兵 / 軽装陸戦兵,alliance,automatic_production
76,1,星系名|惑星名|艦艇ユニット種別|乗組員ユニット種別|陸戦兵ユニット種別,タッシリ|アドラル・ソアフ|||軽装陸戦兵 / 軽装陸戦兵,alliance,automatic_production
76,1,星系名|惑星名|艦艇ユニット種別|乗組員ユニット種別|陸戦兵ユニット種別,タッシリ|トゥアレグ|||軽装陸戦兵 / 軽装陸戦兵,alliance,automatic_production
76,1,星系名|惑星名|艦艇ユニット種別|乗組員ユニット種別|陸戦兵ユニット種別,タナトス|エコニア|||軽装陸戦兵 / 軽装陸戦兵,alliance,automatic_production
76,1,星系名|惑星名|艦艇ユニット種別|乗組員ユニット種別|陸戦兵ユニット種別,タナトス|プロスキナス|巡航艦Ⅵ|艦隊乗組員|軽装陸戦兵 / 軽装陸戦兵,alliance,automatic_production
76,1,星系名|惑星名|艦艇ユニット種別|乗組員ユニット種別|陸戦兵ユニット種別,タナトス|マスジット|巡航艦Ⅶ|艦隊乗組員|軽装陸戦兵 / 軽装陸戦兵,alliance,automatic_production
76,1,星系名|惑星名|艦艇ユニット種別|乗組員ユニット種別|陸戦兵ユニット種別,タナトス|ケール|||軽装陸戦兵 / 軽装陸戦兵,alliance,automatic_production
76,1,星系名|惑星名|艦艇ユニット種別|乗組員ユニット種別|陸戦兵ユニット種別,ドーリア|モンテカプラロ|戦闘艇母艦Ⅲ|艦隊乗組員|軽装陸戦兵 / 軽装陸戦兵,alliance,automatic_production
76,1,星系名|惑星名|艦艇ユニット種別|乗組員ユニット種別|陸戦兵ユニット種別,ドーリア|カスタノーラ|||軽装陸戦兵 / 軽装陸戦兵,alliance,automatic_production
76,1,星系名|惑星名|艦艇ユニット種別|乗組員ユニット種別|陸戦兵ユニット種別,ドーリア|ピエヴェッタ|||軽装陸戦兵 / 軽装陸戦兵,alliance,automatic_production
76,1,星系名|惑星名|艦艇ユニット種別|乗組員ユニット種別|陸戦兵ユニット種別,ドーリア|ボルゲーゼ|戦艦Ⅰ / 巡航艦Ⅰ / 打撃巡航艦Ⅰ / 駆逐艦Ⅰ / 戦闘艇母艦Ⅰ|艦隊乗組員 / 艦隊乗組員 / 艦隊乗組員 / 艦隊乗組員 / 艦隊乗組員|軽装陸戦兵,alliance,automatic_production
76,1,星系名|惑星名|艦艇ユニット種別|乗組員ユニット種別|陸戦兵ユニット種別,トリプラ|パルメレンド|巡航艦Ⅷ|艦隊乗組員|軽装陸戦兵 / 軽装陸戦兵,alliance,automatic_production
76,1,星系名|惑星名|艦艇ユニット種別|乗組員ユニット種別|陸戦兵ユニット種別,トリプラ|アガタラ|||軽装陸戦兵,alliance,automatic_production
76,1,星系名|惑星名|艦艇ユニット種別|乗組員ユニット種別|陸戦兵ユニット種別,トリプラ|アガタラ|||軽装陸戦兵,alliance,automatic_production
76,1,星系名|惑星名|艦艇ユニット種別|乗組員ユニット種別|陸戦兵ユニット種別,トリプラ|カリャンプール|||軽装陸戦兵 / 軽装陸戦兵,alliance,automatic_production
76,1,星系名|惑星名|艦艇ユニット種別|乗組員ユニット種別|陸戦兵ユニット種別,トリプラ|イスファハン|打撃巡航艦Ⅱ|艦隊乗組員|軽装陸戦兵 / 軽装陸戦兵,alliance,automatic_production
76,1,星系名|惑星名|艦艇ユニット種別|乗組員ユニット種別|陸戦兵ユニット種別,バーラト|テルヌーゼン|戦艦Ⅱ / 駆逐艦Ⅱ|艦隊乗組員 / 艦隊乗組員|軽装陸戦兵 / 軽装陸戦兵 / 装甲擲弾兵 / 装甲兵,alliance,automatic_production
76,1,星系名|惑星名|艦艇ユニット種別|乗組員ユニット種別|陸戦兵ユニット種別,バーラト|カスバ・ナグム|戦艦Ⅲ|艦隊乗組員|軽装陸戦兵 / 軽装陸戦兵 / 装甲擲弾兵,alliance,automatic_production
76,1,星系名|惑星名|艦艇ユニット種別|乗組員ユニット種別|陸戦兵ユニット種別,バーラト|ハイネセン|戦艦Ⅰ|艦隊乗組員|軽装陸戦兵,alliance,automatic_production
77,0,星系名|惑星名|艦艇ユニット種別|乗組員ユニット種別|陸戦兵ユニット種別,ヴィッテルスバッハ|ニュンフェンブルク|戦艦Ⅲ|艦隊乗組員|軽装陸戦兵 / 軽装陸戦兵,empire,automatic_production
77,0,星系名|惑星名|艦艇ユニット種別|乗組員ユニット種別|陸戦兵ユニット種別,ヴィッテルスバッハ|ヴィクトアーリエン|揚陸艇Ⅱ|艦隊乗組員|軽装陸戦兵 / 軽装陸戦兵,empire,automatic_production
77,0,星系名|惑星名|艦艇ユニット種別|乗組員ユニット種別|陸戦兵ユニット種別,ヴィレンシュタイン|ウイツィッヒハウゼン|戦艦Ⅰ / 駆逐艦Ⅱ|艦隊乗組員 / 艦隊乗組員 / 艦隊乗組員 / 艦隊乗組員 / 艦隊乗組員|軽装陸戦兵 / 軽装陸戦兵 / 装甲擲弾兵,empire,automatic_production
77,0,星系名|惑星名|艦艇ユニット種別|乗組員ユニット種別|陸戦兵ユニット種別,ヴィレンシュタイン|ヴァイセンホルン|||軽装陸戦兵 / 軽装陸戦兵,empire,automatic_production
77,0,星系名|惑星名|艦艇ユニット種別|乗組員ユニット種別|陸戦兵ユニット種別,ヴィレンシュタイン|グラフェルツホーフェン|戦艦Ⅳ|艦隊乗組員|軽装陸戦兵 / 軽装陸戦兵 / 装甲擲弾兵 / 装甲兵,empire,automatic_production
77,0,星系名|惑星名|艦艇ユニット種別|乗組員ユニット種別|陸戦兵ユニット種別,ヴィレンシュタイン|オーベンハウゼン|||軽装陸戦兵 / 軽装陸戦兵,empire,automatic_production
77,0,星系名|惑星名|艦艇ユニット種別|乗組員ユニット種別|陸戦兵ユニット種別,ヴィンスティンゲン|フォルマール|戦艦Ⅰ / 駆逐艦Ⅱ|艦隊乗組員 / 艦隊乗組員 / 艦隊乗組員 / 艦隊乗組員 / 艦隊乗組員|軽装陸戦兵 / 軽装陸戦兵,empire,automatic_production
77,0,星系名|惑星名|艦艇ユニット種別|乗組員ユニット種別|陸戦兵ユニット種別,ヴィンスティンゲン|ヴィート|||軽装陸戦兵 / 軽装陸戦兵,empire,automatic_production
77,0,星系名|惑星名|艦艇ユニット種別|乗組員ユニット種別|陸戦兵ユニット種別,ヴィンスティンゲン|イーゼンブルク|||軽装陸戦兵 / 軽装陸戦兵,empire,automatic_production
77,0,星系名|惑星名|艦艇ユニット種別|乗組員ユニット種別|陸戦兵ユニット種別,ヴェルラ|マルクト|駆逐艦Ⅶ|艦隊乗組員|軽装陸戦兵 / 軽装陸戦兵,empire,automatic_production
77,0,星系名|惑星名|艦艇ユニット種別|乗組員ユニット種別|陸戦兵ユニット種別,ヴェルラ|ヤコビ|工作艦Ⅱ|艦隊乗組員|軽装陸戦兵 / 軽装陸戦兵,empire,automatic_production
77,0,星系名|惑星名|艦艇ユニット種別|乗組員ユニット種別|陸戦兵ユニット種別,ヴェルラ|シュテファニ|揚陸艇Ⅱ|艦隊乗組員|軽装陸戦兵 / 軽装陸戦兵,empire,automatic_production
77,0,星系名|惑星名|艦艇ユニット種別|乗組員ユニット種別|陸戦兵ユニット種別,ウォームスガウ|ヴェルナー|駆逐艦Ⅷ|艦隊乗組員|軽装陸戦兵 / 軽装陸戦兵,empire,automatic_production
77,0,星系名|惑星名|艦艇ユニット種別|乗組員ユニット種別|陸戦兵ユニット種別,ウォームスガウ|コンラート|工作艦Ⅲ|艦隊乗組員|軽装陸戦兵 / 軽装陸戦兵,empire,automatic_production
77,0,星系名|惑星名|艦艇ユニット種別|乗組員ユニット種別|陸戦兵ユニット種別,ウォームスガウ|ブルーノ|||軽装陸戦兵 / 軽装陸戦兵,empire,automatic_production
77,0,星系名|惑星名|艦艇ユニット種別|乗組員ユニット種別|陸戦兵ユニット種別,ウォームスガウ|リウドルフ|工作艦Ⅳ|艦隊乗組員|軽装陸戦兵 / 軽装陸戦兵,empire,automatic_production
77,0,星系名|惑星名|艦艇ユニット種別|乗組員ユニット種別|陸戦兵ユニット種別,カストロプ|カストロプ|戦艦Ⅰ / 駆逐艦Ⅱ|艦隊乗組員 / 艦隊乗組員 / 艦隊乗組員 / 艦隊乗組員 / 艦隊乗組員|軽装陸戦兵 / 軽装陸戦兵,empire,automatic_production
77,0,星系名|惑星名|艦艇ユニット種別|乗組員ユニット種別|陸戦兵ユニット種別,カストロプ|ニーダー・ヴィンディンゲ|輸送艦Ⅰ|艦隊乗組員|軽装陸戦兵 / 軽装陸戦兵,empire,automatic_production
77,0,星系名|惑星名|艦艇ユニット種別|乗組員ユニット種別|陸戦兵ユニット種別,カストロプ|ヴォルディングボルグ|戦艦Ⅴ|艦隊乗組員|軽装陸戦兵 / 軽装陸戦兵,empire,automatic_production
77,0,星系名|惑星名|艦艇ユニット種別|乗組員ユニット種別|陸戦兵ユニット種別,カストロプ|マリーンドルフ|||軽装陸戦兵 / 軽装陸戦兵,empire,automatic_production
77,0,星系名|惑星名|艦艇ユニット種別|乗組員ユニット種別|陸戦兵ユニット種別,キフォイザー|ガルミッシュ|戦艦Ⅰ / 高速戦艦Ⅰ / 巡航艦Ⅰ / 駆逐艦Ⅰ / 駆逐艦Ⅰ|艦隊乗組員 / 艦隊乗組員 / 艦隊乗組員 / 艦隊乗組員 / 艦隊乗組員|軽装陸戦兵,empire,automatic_production
77,0,星系名|惑星名|艦艇ユニット種別|乗組員ユニット種別|陸戦兵ユニット種別,キフォイザー|ロールバッハ|戦艦Ⅰ / 駆逐艦Ⅵ|艦隊乗組員 / 艦隊乗組員 / 艦隊乗組員 / 艦隊乗組員 / 艦隊乗組員|軽装陸戦兵 / 軽装陸戦兵,empire,automatic_production
77,0,星系名|惑星名|艦艇ユニット種別|乗組員ユニット種別|陸戦兵ユニット種別,キフォイザー|ヴァーゲンバッハ|輸送艦Ⅱ|艦隊乗組員|軽装陸戦兵 / 軽装陸戦兵 / 装甲擲弾兵,empire,automatic_production
77,0,星系名|惑星名|艦艇ユニット種別|乗組員ユニット種別|陸戦兵ユニット種別,キフォイザー|パルテンキルヒェン|||軽装陸戦兵 / 軽装陸戦兵 / 装甲擲弾兵,empire,automatic_production
77,0,星系名|惑星名|艦艇ユニット種別|乗組員ユニット種別|陸戦兵ユニット種別,シャンタウ|クネスドルフ|戦艦Ⅰ / 雷撃艇母艦Ⅳ|艦隊乗組員 / 艦隊乗組員 / 艦隊乗組員 / 艦隊乗組員 / 艦隊乗組員|軽装陸戦兵 / 軽装陸戦兵,empire,automatic_production
77,0,星系名|惑星名|艦艇ユニット種別|乗組員ユニット種別|陸戦兵ユニット種別,シャンタウ|ハーケンドルフ|||軽装陸戦兵 / 軽装陸戦兵,empire,automatic_production
77,0,星系名|惑星名|艦艇ユニット種別|乗組員ユニット種別|陸戦兵ユニット種別,シャンタウ|ノイエンキルヒェン|輸送艦Ⅲ|艦隊乗組員|軽装陸戦兵 / 軽装陸戦兵,empire,automatic_production
77,0,星系名|惑星名|艦艇ユニット種別|乗組員ユニット種別|陸戦兵ユニット種別,シャンタウ|ゼードルフ|||軽装陸戦兵 / 軽装陸戦兵,empire,automatic_production
77,0,星系名|惑星名|艦艇ユニット種別|乗組員ユニット種別|陸戦兵ユニット種別,ドヴェルグ|グレイプニル|戦艦Ⅰ / 巡航艦Ⅲ|艦隊乗組員 / 艦隊乗組員 / 艦隊乗組員 / 艦隊乗組員 / 艦隊乗組員|軽装陸戦兵 / 軽装陸戦兵,empire,automatic_production
77,0,星系名|惑星名|艦艇ユニット種別|乗組員ユニット種別|陸戦兵ユニット種別,ドヴェルグ|イーヴァルディ|||軽装陸戦兵 / 軽装陸戦兵,empire,automatic_production
77,0,星系名|惑星名|艦艇ユニット種別|乗組員ユニット種別|陸戦兵ユニット種別,ドヴェルグ|レージング|||軽装陸戦兵 / 軽装陸戦兵,empire,automatic_production
77,0,星系名|惑星名|艦艇ユニット種別|乗組員ユニット種別|陸戦兵ユニット種別,ドヴェルグ|カパール|輸送艦Ⅳ|艦隊乗組員|軽装陸戦兵 / 軽装陸戦兵,empire,automatic_production
77,0,星系名|惑星名|艦艇ユニット種別|乗組員ユニット種別|陸戦兵ユニット種別,トラーバッハ|ヴォルフェルスドルフ|戦艦Ⅰ / 巡航艦Ⅲ|艦隊乗組員 / 艦隊乗組員 / 艦隊乗組員 / 艦隊乗組員 / 艦隊乗組員|軽装陸戦兵 / 軽装陸戦兵,empire,automatic_production
77,0,星系名|惑星名|艦艇ユニット種別|乗組員ユニット種別|陸戦兵ユニット種別,トラーバッハ|ファルクヴィーラー|兵員輸送艦Ⅰ|艦隊乗組員|軽装陸戦兵 / 軽装陸戦兵,empire,automatic_production
77,0,星系名|惑星名|艦艇ユニット種別|乗組員ユニット種別|陸戦兵ユニット種別,トラーバッハ|シュテルネンベルク|||軽装陸戦兵 / 軽装陸戦兵,empire,automatic_production
77,0,星系名|惑星名|艦艇ユニット種別|乗組員ユニット種別|陸戦兵ユニット種別,トラーバッハ|トラーベン|||軽装陸戦兵 / 軽装陸戦兵,empire,automatic_production
77,0,星系名|惑星名|艦艇ユニット種別|乗組員ユニット種別|陸戦兵ユニット種別,ニヴルヘイム|エリューズニル|駆逐艦Ⅶ|艦隊乗組員|軽装陸戦兵 / 軽装陸戦兵,empire,automatic_production
77,0,星系名|惑星名|艦艇ユニット種別|乗組員ユニット種別|陸戦兵ユニット種別,ニヴルヘイム|ギョッル|||軽装陸戦兵 / 軽装陸戦兵,empire,automatic_production
77,0,星系名|惑星名|艦艇ユニット種別|乗組員ユニット種別|陸戦兵ユニット種別,ニヴルヘイム|フヴェルゲルミル|高速戦艦Ⅵ|艦隊乗組員|軽装陸戦兵 / 軽装陸戦兵,empire,automatic_production
77,0,星系名|惑星名|艦艇ユニット種別|乗組員ユニット種別|陸戦兵ユニット種別,ハインスベルク|ランデラート|駆逐艦Ⅷ|艦隊乗組員|軽装陸戦兵 / 軽装陸戦兵,empire,automatic_production
77,0,星系名|惑星名|艦艇ユニット種別|乗組員ユニット種別|陸戦兵ユニット種別,ハインスベルク|ダッセル|||軽装陸戦兵 / 軽装陸戦兵,empire,automatic_production
77,0,星系名|惑星名|艦艇ユニット種別|乗組員ユニット種別|陸戦兵ユニット種別,ハインスベルク|ミュレンアルク|兵員輸送艦Ⅱ|艦隊乗組員|軽装陸戦兵 / 軽装陸戦兵,empire,automatic_production
77,0,星系名|惑星名|艦艇ユニット種別|乗組員ユニット種別|陸戦兵ユニット種別,バルドル|ブレイザブリク|兵員輸送艦Ⅲ|艦隊乗組員|軽装陸戦兵 / 軽装陸戦兵,empire,automatic_production
77,0,星系名|惑星名|艦艇ユニット種別|乗組員ユニット種別|陸戦兵ユニット種別,バルドル|フリングホルニ|||軽装陸戦兵 / 軽装陸戦兵,empire,automatic_production
77,0,星系名|惑星名|艦艇ユニット種別|乗組員ユニット種別|陸戦兵ユニット種別,バルドル|グリトニル|||軽装陸戦兵 / 軽装陸戦兵,empire,automatic_production
77,0,星系名|惑星名|艦艇ユニット種別|乗組員ユニット種別|陸戦兵ユニット種別,バルドル|ホズ|||軽装陸戦兵 / 軽装陸戦兵,empire,automatic_production
77,0,星系名|惑星名|艦艇ユニット種別|乗組員ユニット種別|陸戦兵ユニット種別,ビルロスト|ヘイムダル|高速戦艦Ⅶ|艦隊乗組員|軽装陸戦兵,empire,automatic_production
77,1,星系名|惑星名|艦艇ユニット種別|乗組員ユニット種別|陸戦兵ユニット種別,バーラト|ハイネセン|巡航艦Ⅰ / 打撃巡航艦Ⅰ / 駆逐艦Ⅰ / 戦闘艇母艦Ⅰ|艦隊乗組員 / 艦隊乗組員 / 艦隊乗組員 / 艦隊乗組員|,alliance,automatic_production
77,1,星系名|惑星名|艦艇ユニット種別|乗組員ユニット種別|陸戦兵ユニット種別,バーラト|シリューナガル|戦闘艇母艦Ⅳ|艦隊乗組員|軽装陸戦兵 / 軽装陸戦兵,alliance,automatic_production
77,1,星系名|惑星名|艦艇ユニット種別|乗組員ユニット種別|陸戦兵ユニット種別,ハダト|シャンプール|打撃巡航艦Ⅲ|艦隊乗組員|軽装陸戦兵 / 軽装陸戦兵,alliance,automatic_production
77,1,星系名|惑星名|艦艇ユニット種別|乗組員ユニット種別|陸戦兵ユニット種別,ハダト|ベラスィ|工作艦Ⅰ / 巡航艦Ⅳ|艦隊乗組員|軽装陸戦兵 / 軽装陸戦兵,alliance,automatic_production
77,1,星系名|惑星名|艦艇ユニット種別|乗組員ユニット種別|陸戦兵ユニット種別,ハダト|アンジャル|工作艦Ⅱ / 駆逐艦Ⅰ|艦隊乗組員|軽装陸戦兵 / 軽装陸戦兵,alliance,automatic_production
77,1,星系名|惑星名|艦艇ユニット種別|乗組員ユニット種別|陸戦兵ユニット種別,ファラーファラ|アラム・バダー|||軽装陸戦兵 / 軽装陸戦兵,alliance,automatic_production
77,1,星系名|惑星名|艦艇ユニット種別|乗組員ユニット種別|陸戦兵ユニット種別,ファラーファラ|ラムル|||軽装陸戦兵 / 軽装陸戦兵,alliance,automatic_production
77,1,星系名|惑星名|艦艇ユニット種別|乗組員ユニット種別|陸戦兵ユニット種別,ファラーファラ|ミセヌム|打撃巡航艦Ⅳ|艦隊乗組員|軽装陸戦兵 / 軽装陸戦兵,alliance,automatic_production
77,1,星系名|惑星名|艦艇ユニット種別|乗組員ユニット種別|陸戦兵ユニット種別,ファラーファラ|アスワン|戦艦Ⅰ / 駆逐艦Ⅰ|艦隊乗組員 / 艦隊乗組員 / 艦隊乗組員 / 艦隊乗組員|軽装陸戦兵 / 軽装陸戦兵,alliance,automatic_production
77,1,星系名|惑星名|艦艇ユニット種別|乗組員ユニット種別|陸戦兵ユニット種別,ポリスーン|エルデン|||軽装陸戦兵 / 軽装陸戦兵,alliance,automatic_production
77,1,星系名|惑星名|艦艇ユニット種別|乗組員ユニット種別|陸戦兵ユニット種別,ポリスーン|ベレケト|||軽装陸戦兵 / 軽装陸戦兵,alliance,automatic_production
77,1,星系名|惑星名|艦艇ユニット種別|乗組員ユニット種別|陸戦兵ユニット種別,ポリスーン|キルニス|工作艦Ⅲ / 駆逐艦Ⅲ|艦隊乗組員|軽装陸戦兵 / 軽装陸戦兵,alliance,automatic_production
77,1,星系名|惑星名|艦艇ユニット種別|乗組員ユニット種別|陸戦兵ユニット種別,ポリスーン|ダヤン・ハーン|戦艦Ⅰ / 駆逐艦Ⅰ|艦隊乗組員 / 艦隊乗組員 / 艦隊乗組員 / 艦隊乗組員|軽装陸戦兵 / 軽装陸戦兵,alliance,automatic_production
77,1,星系名|惑星名|艦艇ユニット種別|乗組員ユニット種別|陸戦兵ユニット種別,ポレヴィト|ルジアーナ|戦艦Ⅰ / 巡航艦Ⅰ / 打撃巡航艦Ⅰ / 駆逐艦Ⅰ / 戦闘艇母艦Ⅰ|艦隊乗組員 / 艦隊乗組員 / 艦隊乗組員 / 艦隊乗組員 / 艦隊乗組員|軽装陸戦兵,alliance,automatic_production
77,1,星系名|惑星名|艦艇ユニット種別|乗組員ユニット種別|陸戦兵ユニット種別,ポレヴィト|チェルノボーグ|||軽装陸戦兵 / 軽装陸戦兵 / 装甲擲弾兵,alliance,automatic_production
77,1,星系名|惑星名|艦艇ユニット種別|乗組員ユニット種別|陸戦兵ユニット種別,ポレヴィト|スヴァローグ|工作艦Ⅳ|艦隊乗組員|軽装陸戦兵 / 軽装陸戦兵,alliance,automatic_production
77,1,星系名|惑星名|艦艇ユニット種別|乗組員ユニット種別|陸戦兵ユニット種別,ポレヴィト|ポレヴィーク|駆逐艦Ⅰ / 戦艦Ⅳ|艦隊乗組員 / 艦隊乗組員 / 艦隊乗組員 / 艦隊乗組員|軽装陸戦兵 / 軽装陸戦兵 / 装甲擲弾兵,alliance,automatic_production
77,1,星系名|惑星名|艦艇ユニット種別|乗組員ユニット種別|陸戦兵ユニット種別,メルカルト|アシュール|輸送艦Ⅰ|艦隊乗組員|軽装陸戦兵 / 軽装陸戦兵,alliance,automatic_production
77,1,星系名|惑星名|艦艇ユニット種別|乗組員ユニット種別|陸戦兵ユニット種別,メルカルト|ネルガル|輸送艦Ⅱ|艦隊乗組員|軽装陸戦兵 / 軽装陸戦兵,alliance,automatic_production
77,1,星系名|惑星名|艦艇ユニット種別|乗組員ユニット種別|陸戦兵ユニット種別,メルカルト|バール・ザフォン|輸送艦Ⅲ|艦隊乗組員|軽装陸戦兵 / 軽装陸戦兵,alliance,automatic_production
77,1,星系名|惑星名|艦艇ユニット種別|乗組員ユニット種別|陸戦兵ユニット種別,ライガール|シンガラ|戦艦Ⅳ / 駆逐艦Ⅱ|艦隊乗組員|軽装陸戦兵 / 軽装陸戦兵,alliance,automatic_production
77,1,星系名|惑星名|艦艇ユニット種別|乗組員ユニット種別|陸戦兵ユニット種別,ライガール|ミルパラ|||軽装陸戦兵 / 軽装陸戦兵,alliance,automatic_production
77,1,星系名|惑星名|艦艇ユニット種別|乗組員ユニット種別|陸戦兵ユニット種別,ライガール|アユアラ|||軽装陸戦兵 / 軽装陸戦兵,alliance,automatic_production
77,1,星系名|惑星名|艦艇ユニット種別|乗組員ユニット種別|陸戦兵ユニット種別,リオ・ヴェルデ|メサ・デル・アグア|戦艦Ⅳ / 駆逐艦Ⅱ|艦隊乗組員|軽装陸戦兵 / 軽装陸戦兵,alliance,automatic_production
77,1,星系名|惑星名|艦艇ユニット種別|乗組員ユニット種別|陸戦兵ユニット種別,リオ・ヴェルデ|サン・カルロス|||軽装陸戦兵 / 軽装陸戦兵,alliance,automatic_production
77,1,星系名|惑星名|艦艇ユニット種別|乗組員ユニット種別|陸戦兵ユニット種別,リオ・ヴェルデ|リアノ・ブランコ|駆逐艦Ⅰ / 戦艦Ⅳ|艦隊乗組員 / 艦隊乗組員 / 艦隊乗組員 / 艦隊乗組員|軽装陸戦兵 / 軽装陸戦兵,alliance,automatic_production
77,1,星系名|惑星名|艦艇ユニット種別|乗組員ユニット種別|陸戦兵ユニット種別,リオ・ヴェルデ|イスラ・ブランカ|||軽装陸戦兵 / 軽装陸戦兵,alliance,automatic_production
77,1,星系名|惑星名|艦艇ユニット種別|乗組員ユニット種別|陸戦兵ユニット種別,リューカス|ザカリアス|戦艦Ⅴ|艦隊乗組員|軽装陸戦兵 / 軽装陸戦兵,alliance,automatic_production
77,1,星系名|惑星名|艦艇ユニット種別|乗組員ユニット種別|陸戦兵ユニット種別,リューカス|インコバネ|輸送艦Ⅳ|艦隊乗組員|軽装陸戦兵 / 軽装陸戦兵,alliance,automatic_production
77,1,星系名|惑星名|艦艇ユニット種別|乗組員ユニット種別|陸戦兵ユニット種別,リューカス|ヴァルミー|駆逐艦Ⅰ / 戦艦Ⅵ|艦隊乗組員 / 艦隊乗組員 / 艦隊乗組員 / 艦隊乗組員|軽装陸戦兵 / 軽装陸戦兵,alliance,automatic_production
77,1,星系名|惑星名|艦艇ユニット種別|乗組員ユニット種別|陸戦兵ユニット種別,ルンビーニ|バクタプール|兵員輸送艦Ⅰ|艦隊乗組員|軽装陸戦兵 / 軽装陸戦兵,alliance,automatic_production
77,1,星系名|惑星名|艦艇ユニット種別|乗組員ユニット種別|陸戦兵ユニット種別,ルンビーニ|カライヤ|戦艦Ⅵ|艦隊乗組員|軽装陸戦兵 / 軽装陸戦兵,alliance,automatic_production
77,1,星系名|惑星名|艦艇ユニット種別|乗組員ユニット種別|陸戦兵ユニット種別,ルンビーニ|バドガオン|兵員輸送艦Ⅱ|艦隊乗組員|軽装陸戦兵 / 軽装陸戦兵,alliance,automatic_production
77,1,星系名|惑星名|艦艇ユニット種別|乗組員ユニット種別|陸戦兵ユニット種別,ロフォーテン|ルドミラ|戦艦Ⅳ / 戦闘艇母艦Ⅲ|艦隊乗組員 / 艦隊乗組員 / 艦隊乗組員 / 艦隊乗組員 / 艦隊乗組員 / 艦隊乗組員 / 艦隊乗組員 / 艦隊乗組員|軽装陸戦兵,alliance,automatic_production
77,1,星系名|惑星名|艦艇ユニット種別|乗組員ユニット種別|陸戦兵ユニット種別,ロフォーテン|アルスタッド|駆逐艦Ⅶ|艦隊乗組員|軽装陸戦兵 / 軽装陸戦兵,alliance,automatic_production
77,1,星系名|惑星名|艦艇ユニット種別|乗組員ユニット種別|陸戦兵ユニット種別,ロフォーテン|バルスタッド|戦艦Ⅵ / 駆逐艦Ⅰ|艦隊乗組員|軽装陸戦兵 / 軽装陸戦兵,alliance,automatic_production
77,1,星系名|惑星名|艦艇ユニット種別|乗組員ユニット種別|陸戦兵ユニット種別,ロフォーテン|スヴォルヴェア|駆逐艦Ⅷ|艦隊乗組員|軽装陸戦兵 / 軽装陸戦兵,alliance,automatic_production
78,0,星系名|惑星名|艦艇ユニット種別|乗組員ユニット種別|陸戦兵ユニット種別,ビルロスト|ヘイムダル|||軽装陸戦兵,empire,automatic_production
78,0,星系名|惑星名|艦艇ユニット種別|乗組員ユニット種別|陸戦兵ユニット種別,ビルロスト|ヒミンビョルグ|兵員輸送艦Ⅳ|艦隊乗組員|軽装陸戦兵 / 軽装陸戦兵,empire,automatic_production
78,0,星系名|惑星名|艦艇ユニット種別|乗組員ユニット種別|陸戦兵ユニット種別,ビルロスト|ブルトガング|||軽装陸戦兵 / 軽装陸戦兵,empire,automatic_production
78,0,星系名|惑星名|艦艇ユニット種別|乗組員ユニット種別|陸戦兵ユニット種別,ビルロスト|ギャラルホルン|||軽装陸戦兵 / 軽装陸戦兵,empire,automatic_production
78,0,星系名|惑星名|艦艇ユニット種別|乗組員ユニット種別|陸戦兵ユニット種別,フォルゲン|シュヴァンガウ|揚陸艦Ⅰ|艦隊乗組員|軽装陸戦兵 / 軽装陸戦兵,empire,automatic_production
78,0,星系名|惑星名|艦艇ユニット種別|乗組員ユニット種別|陸戦兵ユニット種別,フォルゲン|フュッセン|||軽装陸戦兵 / 軽装陸戦兵,empire,automatic_production
78,0,星系名|惑星名|艦艇ユニット種別|乗組員ユニット種別|陸戦兵ユニット種別,フォルゲン|ボーデルスベルク|||軽装陸戦兵 / 軽装陸戦兵,empire,automatic_production
78,0,星系名|惑星名|艦艇ユニット種別|乗組員ユニット種別|陸戦兵ユニット種別,ブラウンシュヴァイク|ヴェスターラント|戦闘艇母艦Ⅱ|艦隊乗組員|軽装陸戦兵 / 軽装陸戦兵,empire,automatic_production
78,0,星系名|惑星名|艦艇ユニット種別|乗組員ユニット種別|陸戦兵ユニット種別,ブラウンシュヴァイク|ヴェーデル|戦艦Ⅵ|艦隊乗組員|軽装陸戦兵 / 軽装陸戦兵,empire,automatic_production
78,0,星系名|惑星名|艦艇ユニット種別|乗組員ユニット種別|陸戦兵ユニット種別,ブラウンシュヴァイク|ショーペンシュタット|||軽装陸戦兵 / 軽装陸戦兵,empire,automatic_production
78,0,星系名|惑星名|艦艇ユニット種別|乗組員ユニット種別|陸戦兵ユニット種別,ブラウンシュヴァイク|フォルケンローデ|||軽装陸戦兵 / 軽装陸戦兵,empire,automatic_production
78,0,星系名|惑星名|艦艇ユニット種別|乗組員ユニット種別|陸戦兵ユニット種別,フレイア|フォールクヴァング|揚陸艦Ⅱ|艦隊乗組員|軽装陸戦兵 / 軽装陸戦兵 / 装甲擲弾兵,empire,automatic_production
78,0,星系名|惑星名|艦艇ユニット種別|乗組員ユニット種別|陸戦兵ユニット種別,フレイア|フェンサリル|高速戦艦Ⅷ|艦隊乗組員|軽装陸戦兵 / 軽装陸戦兵 / 装甲擲弾兵,empire,automatic_production
78,0,星系名|惑星名|艦艇ユニット種別|乗組員ユニット種別|陸戦兵ユニット種別,フレイア|ブリシンガメン|||軽装陸戦兵 / 軽装陸戦兵,empire,automatic_production
78,0,星系名|惑星名|艦艇ユニット種別|乗組員ユニット種別|陸戦兵ユニット種別,フレイア|レンテンベルク|戦艦Ⅰ / 高速戦艦Ⅰ / 巡航艦Ⅰ / 駆逐艦Ⅰ / 駆逐艦Ⅰ|艦隊乗組員 / 艦隊乗組員 / 艦隊乗組員 / 艦隊乗組員|軽装陸戦兵,empire,automatic_production
78,0,星系名|惑星名|艦艇ユニット種別|乗組員ユニット種別|陸戦兵ユニット種別,ボルソルン|ベストラ|揚陸艦Ⅲ|艦隊乗組員|軽装陸戦兵 / 軽装陸戦兵,empire,automatic_production
78,0,星系名|惑星名|艦艇ユニット種別|乗組員ユニット種別|陸戦兵ユニット種別,ボルソルン|ボルソルン|||軽装陸戦兵 / 軽装陸戦兵,empire,automatic_production
78,0,星系名|惑星名|艦艇ユニット種別|乗組員ユニット種別|陸戦兵ユニット種別,ボルソルン|ヴァイセンバッハ|||軽装陸戦兵 / 軽装陸戦兵,empire,automatic_production
78,0,星系名|惑星名|艦艇ユニット種別|乗組員ユニット種別|陸戦兵ユニット種別,ボルソルン|ボル|||軽装陸戦兵 / 軽装陸戦兵,empire,automatic_production
78,0,星系名|惑星名|艦艇ユニット種別|乗組員ユニット種別|陸戦兵ユニット種別,ヤヴァンハール|ハールバルド|揚陸艦Ⅳ|艦隊乗組員|軽装陸戦兵 / 軽装陸戦兵,empire,automatic_production
78,0,星系名|惑星名|艦艇ユニット種別|乗組員ユニット種別|陸戦兵ユニット種別,ヤヴァンハール|リューゲン|||軽装陸戦兵 / 軽装陸戦兵,empire,automatic_production
78,0,星系名|惑星名|艦艇ユニット種別|乗組員ユニット種別|陸戦兵ユニット種別,ヤヴァンハール|ヴィスマール|||軽装陸戦兵 / 軽装陸戦兵,empire,automatic_production
78,0,星系名|惑星名|艦艇ユニット種別|乗組員ユニット種別|陸戦兵ユニット種別,ヤヴァンハール|シュヴェリーン|||軽装陸戦兵 / 軽装陸戦兵,empire,automatic_production
78,0,星系名|惑星名|艦艇ユニット種別|乗組員ユニット種別|陸戦兵ユニット種別,ヨーツンヘイム|ウトガルド|巡航艦Ⅱ|艦隊乗組員|軽装陸戦兵 / 軽装陸戦兵,empire,automatic_production
78,0,星系名|惑星名|艦艇ユニット種別|乗組員ユニット種別|陸戦兵ユニット種別,ヨーツンヘイム|ヨーツンヘイム|巡航艦Ⅲ|艦隊乗組員|軽装陸戦兵 / 軽装陸戦兵,empire,automatic_production
78,0,星系名|惑星名|艦艇ユニット種別|乗組員ユニット種別|陸戦兵ユニット種別,ヨーツンヘイム|エーリヴァーガル|||軽装陸戦兵 / 軽装陸戦兵,empire,automatic_production
78,0,星系名|惑星名|艦艇ユニット種別|乗組員ユニット種別|陸戦兵ユニット種別,ランメルスベルク|ハルスブリュッケ|巡航艦Ⅳ|艦隊乗組員|軽装陸戦兵 / 軽装陸戦兵,empire,automatic_production
78,0,星系名|惑星名|艦艇ユニット種別|乗組員ユニット種別|陸戦兵ユニット種別,ランメルスベルク|ハルテンシュタイン|||軽装陸戦兵 / 軽装陸戦兵,empire,automatic_production
78,0,星系名|惑星名|艦艇ユニット種別|乗組員ユニット種別|陸戦兵ユニット種別,ランメルスベルク|ヒンメルスフュルスト|||軽装陸戦兵 / 軽装陸戦兵,empire,automatic_production
78,0,星系名|惑星名|艦艇ユニット種別|乗組員ユニット種別|陸戦兵ユニット種別,ランメルスベルク|シュレマ|||軽装陸戦兵 / 軽装陸戦兵,empire,automatic_production
78,0,星系名|惑星名|艦艇ユニット種別|乗組員ユニット種別|陸戦兵ユニット種別,リッテンハイム|インゲンハイム|戦艦Ⅶ|艦隊乗組員|軽装陸戦兵 / 軽装陸戦兵,empire,automatic_production
78,0,星系名|惑星名|艦艇ユニット種別|乗組員ユニット種別|陸戦兵ユニット種別,リッテンハイム|デュンツェンハイム|戦闘艇母艦Ⅲ|艦隊乗組員|軽装陸戦兵 / 軽装陸戦兵,empire,automatic_production
78,0,星系名|惑星名|艦艇ユニット種別|乗組員ユニット種別|陸戦兵ユニット種別,リッテンハイム|アルテンハイム|||軽装陸戦兵 / 軽装陸戦兵,empire,automatic_production
78,0,星系名|惑星名|艦艇ユニット種別|乗組員ユニット種別|陸戦兵ユニット種別,リッテンハイム|ローゲンドルフ|||軽装陸戦兵 / 軽装陸戦兵,empire,automatic_production
78,0,星系名|惑星名|艦艇ユニット種別|乗組員ユニット種別|陸戦兵ユニット種別,リンダーホーフ|ノイシュヴァンシュタイン|||軽装陸戦兵 / 軽装陸戦兵,empire,automatic_production
78,0,星系名|惑星名|艦艇ユニット種別|乗組員ユニット種別|陸戦兵ユニット種別,リンダーホーフ|キームゼー|||軽装陸戦兵 / 軽装陸戦兵,empire,automatic_production
78,0,星系名|惑星名|艦艇ユニット種別|乗組員ユニット種別|陸戦兵ユニット種別,リンダーホーフ|ホーエンシュヴァンガウ|戦艦Ⅷ|艦隊乗組員|軽装陸戦兵 / 軽装陸戦兵,empire,automatic_production
78,0,星系名|惑星名|艦艇ユニット種別|乗組員ユニット種別|陸戦兵ユニット種別,リンダーホーフ|オーバーアマガウ|||軽装陸戦兵 / 軽装陸戦兵,empire,automatic_production
78,0,星系名|惑星名|艦艇ユニット種別|乗組員ユニット種別|陸戦兵ユニット種別,ルイトポルディング|ルイトポルト|巡航艦Ⅴ|艦隊乗組員|軽装陸戦兵 / 軽装陸戦兵,empire,automatic_production
78,0,星系名|惑星名|艦艇ユニット種別|乗組員ユニット種別|陸戦兵ユニット種別,ルイトポルディング|ベルトホルト|||軽装陸戦兵 / 軽装陸戦兵,empire,automatic_production
78,0,星系名|惑星名|艦艇ユニット種別|乗組員ユニット種別|陸戦兵ユニット種別,ルイトポルディング|アルヌルフ|戦闘艇母艦Ⅳ|艦隊乗組員|軽装陸戦兵 / 軽装陸戦兵,empire,automatic_production
