faction,page,department,post,seats,min_rank,max_rank,appointed_by
empire,56,皇宮,皇帝,1,-,元帥,
empire,56,皇宮,帝国軍最高司令官,1,元帥,元帥,
empire,56,皇宮,幕僚総監,1,元帥,元帥,帝国軍最高司令官
empire,56,皇宮,大本営参謀,10,准将,元帥,幕僚総監
empire,56,皇宮,帝国宰相,1,元帥,元帥,
empire,56,内閣,国務尚書,1,政治家,政治家,帝国宰相
empire,56,内閣,内務尚書,1,政治家,政治家,帝国宰相
empire,56,内閣,財務尚書,1,政治家,政治家,帝国宰相
empire,56,内閣,宮内尚書,1,政治家,政治家,帝国宰相
empire,56,内閣,司法尚書,1,政治家,政治家,帝国宰相
empire,56,内閣,典礼尚書,1,政治家,政治家,帝国宰相
empire,56,内閣,科学尚書,1,政治家,政治家,帝国宰相
empire,56,内閣,内閣書記官長,1,政治家,政治家,帝国宰相
empire,56,駐フェザーン弁務官事務所,フェザーン駐在高等弁務官,1,政治家,政治家,帝国宰相
empire,56,駐フェザーン弁務官事務所,フェザーン駐在補佐官,1,政治家,政治家,国務尚書
empire,56,駐フェザーン弁務官事務所,フェザーン駐在武官,1,少尉,元帥,軍務省人事局長
empire,56,軍務省,軍務尚書,1,元帥,元帥,皇帝
empire,56,軍務省,軍務省次官,1,上級大将,元帥,軍務尚書
empire,56,軍務省,軍務省人事局長,1,中将,元帥,軍務尚書
empire,56,軍務省,軍務省調査局長,1,中将,元帥,軍務尚書
empire,56,軍務省,軍務省参事官,10,准将,元帥,軍務省次官
empire,57,統帥本部,統帥本部総長,1,元帥,元帥,皇帝
empire,57,統帥本部,統帥本部次長,1,上級大将,元帥,軍務尚書
empire,57,統帥本部,統帥本部作戦一課課長,1,大将,元帥,統帥本部総長
empire,57,統帥本部,統帥本部作戦二課課長,1,中将,元帥,統帥本部総長
empire,57,統帥本部,統帥本部作戦三課課長,1,少将,元帥,統帥本部総長
empire,57,統帥本部,統帥本部監察官,10,准将,元帥,統帥本部次長
empire,57,宇宙艦隊司令部,宇宙艦隊司令長官,1,元帥,元帥,帝国軍最高司令官
empire,57,宇宙艦隊司令部,宇宙艦隊副司令長官,1,元帥,元帥,帝国軍最高司令官
empire,57,宇宙艦隊司令部,宇宙艦隊総参謀長,1,中将,元帥,宇宙艦隊司令長官
empire,57,宇宙艦隊司令部,宇宙艦隊参謀,10,准将,元帥,宇宙艦隊総参謀長
empire,57,憲兵本部,憲兵総監,1,上級大将,元帥,軍務尚書
empire,57,憲兵本部,憲兵副総監,1,中将,元帥,憲兵総監
empire,57,装甲擲弾兵総監部,装甲擲弾兵総監,1,上級大将,元帥,軍務尚書
empire,57,装甲擲弾兵総監部,装甲擲弾兵副総監,1,中将,元帥,装甲擲弾兵総監
empire,57,科学技術総監部,科学技術総監,1,上級大将,元帥,軍務尚書
empire,57,帝国軍士官学校,士官学校長,1,大将,元帥,軍務尚書
empire,57,帝国軍士官学校,士官学校教官,10,曹長,元帥,
empire,57,艦隊,艦隊司令官,1,中将,元帥,軍務尚書
empire,57,艦隊,艦隊副司令官,1,少将,元帥,軍務尚書
empire,57,艦隊,艦隊参謀長,1,少将,元帥,幕僚総監
empire,57,艦隊,艦隊参謀,6,大尉,元帥,艦隊司令官
empire,57,艦隊,艦隊司令官副官,1,中尉,元帥,艦隊司令官
empire,57,輸送艦隊,輸送艦隊司令官,1,中将,元帥,軍務省次官
empire,58,輸送艦隊,輸送艦隊副司令官,1,少将,元帥,軍務省次官
empire,58,輸送艦隊,輸送艦隊司令官副官,1,中尉,元帥,輸送艦隊司令官
empire,58,巡察隊,巡察隊司令,1,准将,元帥,軍務省次官
empire,58,巡察隊,巡察隊副司令,1,准将,元帥,軍務省次官
empire,58,巡察隊,巡察隊司令副官,1,中尉,元帥,巡察隊司令
empire,58,地上部隊,地上部隊指揮官,1,少佐,元帥,装甲擲弾兵総監
empire,58,要塞,要塞司令官,1,中将,元帥,軍務尚書
empire,58,要塞,要塞守備隊指揮官,1,少佐,元帥,要塞司令官
empire,58,要塞,要塞事務総監,1,少将,元帥,要塞司令官
empire,58,首都惑星を除く各惑星,惑星総督,1,政治家/准将,元帥,国務尚書
empire,58,首都惑星を除く各惑星,惑星守備隊指揮官,1,少佐,元帥,惑星総督
empire,58,首都惑星,帝都防衛司令官,1,大将,元帥,帝国軍最高司令官
empire,58,首都惑星,近衛兵総監,1,上級大将,元帥,軍務尚書
empire,58,統合偵察局,諜報官,50,少尉,大佐,軍務省調査局長
alliance,62,最高評議会,議長,1,政治家,政治家,
alliance,62,最高評議会,副議長,1,政治家,政治家,議長
alliance,62,最高評議会,国務委員長,1,政治家,政治家,議長
alliance,62,最高評議会,国防委員長,1,政治家,政治家,議長
alliance,62,最高評議会,財政委員長,1,政治家,政治家,議長
alliance,62,最高評議会,法秩序委員長,1,政治家,政治家,議長
alliance,62,最高評議会,天然資源委員長,1,政治家,政治家,議長
alliance,62,最高評議会,人的資源委員長,1,政治家,政治家,議長
alliance,62,最高評議会,経済開発委員長,1,政治家,政治家,議長
alliance,62,最高評議会,地域社会開発委員長,1,政治家,政治家,議長
alliance,62,最高評議会,情報交通委員長,1,政治家,政治家,議長
alliance,62,最高評議会,書記,1,政治家,政治家,議長
alliance,62,駐フェザーン弁務官事務所,フェザーン駐在弁務官,1,政治家,政治家,国務委員長
alliance,62,駐フェザーン弁務官事務所,フェザーン駐在補佐官,1,政治家,政治家,国務委員長
alliance,62,駐フェザーン弁務官事務所,フェザーン駐在武官,1,少尉,元帥,国防委員長
alliance,62,統合作戦本部,統合作戦本部長,1,元帥,元帥,国防委員長
alliance,62,統合作戦本部,統合作戦本部第一次長,1,大将,元帥,
alliance,62,統合作戦本部,統合作戦本部第二次長,1,大将,元帥,
alliance,62,統合作戦本部,統合作戦本部第三次長,1,大将,元帥,
alliance,62,統合作戦本部,統合作戦本部参事官,10,准将,元帥,
alliance,62,統合作戦本部,陸戦総監部長,1,中将,元帥,
alliance,62,後方勤務本部,後方勤務本部長,1,大将,元帥,国防委員長
alliance,62,後方勤務本部,後方勤務本部次長,1,中将,元帥,
alliance,62,後方勤務本部,後方勤務本部参事官,10,准将,元帥,
alliance,63,後方勤務本部,科学技術本部長,1,中将,元帥,国防委員長
alliance,63,後方勤務本部,憲兵司令官,1,准将,元帥,後方勤務本部長
alliance,63,国防委員会,査閲部長,1,中将,元帥,国防委員長
alliance,63,国防委員会,戦略部長,1,中将,元帥,国防委員長
alliance,63,国防委員会,人事部長,1,中将,元帥,国防委員長
alliance,63,国防委員会,防衛部長,1,中将,元帥,国防委員長
alliance,63,国防委員会,情報部長,1,少将,元帥,国防委員長
alliance,63,国防委員会,通信部長,1,少将,元帥,国防委員長
alliance,63,国防委員会,装備部長,1,少将,元帥,国防委員長
alliance,63,国防委員会,施設部長,1,少将,元帥,国防委員長
alliance,63,国防委員会,経理部長,1,政治家,政治家,国防委員長
alliance,63,国防委員会,教育部長,1,政治家,政治家,国防委員長
alliance,63,国防委員会,衛生部長,1,政治家,政治家,国防委員長
alliance,63,宇宙艦隊司令部,宇宙艦隊司令長官,1,元帥,元帥,国防委員長
alliance,63,宇宙艦隊司令部,宇宙艦隊副司令長官,1,大将,元帥,宇宙艦隊司令長官
alliance,63,宇宙艦隊司令部,宇宙艦隊総参謀長,1,中将,元帥,宇宙艦隊司令長官
alliance,63,宇宙艦隊司令部,宇宙艦隊参謀,1,准将,元帥,宇宙艦隊総参謀長
alliance,63,同盟軍士官学校,士官学校長,1,中将,元帥,国防委員会・教育部長
alliance,63,同盟軍士官学校,士官学校教官,10,曹長,元帥,
alliance,63,艦隊,艦隊司令官,1,少将,元帥,宇宙艦隊司令長官
alliance,63,艦隊,艦隊副司令官,1,准将,元帥,宇宙艦隊司令長官
alliance,63,艦隊,艦隊参謀長,1,准将,元帥,宇宙艦隊総参謀長
alliance,63,艦隊,艦隊参謀,6,大尉,元帥,宇宙艦隊総参謀長
alliance,63,艦隊,艦隊司令官副官,1,中尉,元帥,艦隊司令官
alliance,63,輸送艦隊,輸送艦隊司令官,1,准将,元帥,宇宙艦隊司令長官
alliance,63,輸送艦隊,輸送艦隊副司令官,1,大佐,大佐,宇宙艦隊司令長官
alliance,64,輸送艦隊,輸送艦隊司令官副官,1,中尉,元帥,輸送艦隊司令官
alliance,64,巡察隊,巡察隊司令,1,准将,元帥,宇宙艦隊司令長官
alliance,64,巡察隊,巡察隊副司令,1,大佐,大佐,宇宙艦隊司令長官
alliance,64,巡察隊,巡察隊司令副官,1,中尉,元帥,巡察隊司令
alliance,64,地上部隊,地上部隊指揮官,1,少佐,元帥,陸戦総監部長
alliance,64,要塞,要塞司令官,1,中将,元帥,国防委員会・施設部長
alliance,64,要塞,要塞守備隊指揮官,1,少佐,元帥,要塞司令官
alliance,64,要塞,要塞事務総監,1,大佐,元帥,要塞司令官
alliance,64,首都惑星を除く各惑星,知事,1,政治家,元帥,国務委員長
alliance,64,首都惑星を除く各惑星,惑星守備隊指揮官,1,少佐,元帥,国防委員会・防衛部長
alliance,64,首都惑星,首都司政官,1,政治家,元帥,国務委員長
alliance,64,首都惑星,首都防衛指揮官,1,大佐,元帥,国防委員会・防衛部長
alliance,64,戦略作戦局,諜報官,50,少尉,大佐,国防委員会・情報部長
