faction,page,unit,建造工期:建造工期,必要乗組員ユニット数:必要乗組員ユニット数,出力:出力,索敵範囲（万km）:索敵範囲（万km）,最高速度（km/1G秒）:最高速度（km/1G秒）,装甲:前,側:側,後:後,シールド（旗艦のみ）:防護値,容量:容量,ビーム兵装破壊力:ビーム兵装破壊力,ガン兵装破壊力/消費物資:ガン兵装破壊力/消費物資,ミサイル兵装破壊力/消費物資:ミサイル兵装破壊力/消費物資,対空兵装破壊力:対空兵装破壊力,戦闘艇/雷撃艇搭載数:戦闘艇/雷撃艇搭載数,物資搭載量:物資搭載量,修理消費物資(１隻):修理消費物資(１隻)
empire,79,戦艦（旗艦）,-,-,390,"5,600","20,000",34,20,12,70,30,48,100,80,110,-,-,140
empire,79,戦艦Ⅰ,90,5,-,"5,600","20,000",34,20,12,-,-,48,100/1,80/5,110,3,760,140
empire,79,戦艦Ⅱ,110,5,-,"5,600","20,000",34,20,12,-,-,64,-,80/5,110,3,760,140
empire,79,戦艦Ⅲ,100,5,-,"5,600","20,000",34,20,12,-,-,48,200/1,-,110,3,760,140
empire,79,戦艦Ⅳ,100,5,-,"5,600","20,000",34,20,12,-,-,48,-,120/5,110,3,760,140
empire,79,戦艦Ⅴ,100,5,-,"5,600","21,000",28,17,9,-,-,48,100/1,80/5,110,3,760,140
empire,79,戦艦Ⅵ,100,5,-,"5,600","18,000",36,22,14,-,-,48,100/1,80/5,110,3,680,140
empire,79,戦艦Ⅶ,100,5,-,"5,600","20,000",34,20,12,-,-,48,100/1,80/5,110,4,600,140
empire,79,戦艦Ⅷ,110,4,-,"5,600","20,000",34,20,12,-,-,48,100/1,80/5,110,3,800,140
empire,80,高速戦艦（旗艦）,-,-,410,"5,600","23,000",30,15,10,70,28,48,-,100,90,-,-,120
empire,80,高速戦艦Ⅰ,120,5,-,"5,600","22,000",30,18,10,-,-,48,-,100/5,90,3,760,120
empire,80,高速戦艦Ⅱ,130,5,-,"5,600","22,000",30,18,10,-,-,48,-,100/5,90,3,760,120
empire,80,高速戦艦Ⅲ,130,5,-,"5,600","22,000",30,18,10,-,-,48,-,120/6,90,-,800,120
empire,80,高速戦艦Ⅳ,130,5,-,"5,600","24,000",24,14,8,-,-,48,-,100/5,90,3,760,120
empire,80,高速戦艦Ⅴ,130,5,-,"5,600","21,000",36,18,10,-,-,48,-,100/5,90,3,760,120
empire,80,高速戦艦Ⅵ,130,5,-,"5,600","22,000",30,18,10,-,-,48,-,100/5,90,4,600,120
empire,80,高速戦艦Ⅶ,130,5,-,"5,600","22,000",30,18,10,-,-,48,-,100/5,90,-,760,120
empire,80,高速戦艦Ⅷ,130,5,-,"5,600","22,000",32,18,10,-,-,48,100/1,-,90,3,400,120
empire,81,巡航艦（旗艦）,-,-,260,"4,800","23,000",28,16,8,50,25,24,-,60,60,-,-,120
empire,81,巡航艦Ⅰ,80,3,-,"4,800","22,000",28,16,8,-,-,24,-,60/3,60,2,480,120
empire,81,巡航艦Ⅱ,100,3,-,"4,800","22,000",28,16,8,-,-,24,-,60/3,60,-,520,120
empire,81,巡航艦Ⅲ,90,3,-,"4,800","25,000",22,14,6,-,-,24,-,60/3,60,2,480,120
empire,81,巡航艦Ⅳ,100,3,-,"4,800","20,000",33,19,10,-,-,24,-,60/3,60,2,360,120
empire,81,巡航艦Ⅴ,100,3,-,"4,800","22,000",28,16,8,-,-,24,-,-,60,3,400,120
empire,81,巡航艦Ⅵ,90,3,-,"5,600","22,000",28,16,8,-,-,24,-,60/3,60,-,480,120
empire,81,巡航艦Ⅶ,90,3,-,"4,800","22,000",28,16,8,-,-,24,-,60/3,60,1,600,120
empire,81,巡航艦Ⅷ,100,2,-,"4,800","22,000",28,16,8,-,-,24,-,60/3,60,2,520,120
empire,82,駆逐艦（旗艦）,-,-,200,"2,400","30,000",8,4,2,30,19,-,104,50,50,-,-,40
empire,82,高速艇（旗艦）,-,-,170,"4,000","27,000",7,5,2,20,19,-,24,40,40,-,-,20
empire,82,駆逐艦Ⅰ,30,1,-,"2,400","30,000",8,4,2,-,-,-,104/1,50/2,50,1,64,40
empire,82,駆逐艦Ⅱ,40,1,-,"4,800","30,000",8,4,2,-,-,-,104/1,30/1,50,1,240,40
empire,82,駆逐艦Ⅲ,40,1,-,"3,200","30,000",8,4,2,-,-,-,104/1,50/2,50,-,360,40
empire,82,駆逐艦Ⅳ,40,1,-,"2,400","31,000",7,3,1,-,-,-,104/1,50/2,50,-,240,40
empire,82,駆逐艦Ⅴ,40,1,-,"2,400","32,000",7,3,1,-,-,-,104/1,-,50,-,240,40
empire,82,駆逐艦Ⅵ,40,1,-,"2,400","30,000",8,4,2,-,-,-,104/1,50/2,50,-,280,40
empire,82,駆逐艦Ⅶ,40,1,-,"2,400","30,000",8,4,2,-,-,-,-,60/3,50,-,320,40
empire,82,駆逐艦Ⅷ,40,1,-,"2,400","30,000",9,5,3,-,-,-,104/1,50/2,50,1,240,40
empire,83,戦闘艇母艦Ⅰ,180,12,-,"5,600","18,000",45,23,20,-,-,128,-,-,110,10,"2,000",220
empire,83,戦闘艇母艦Ⅱ,160,12,-,"2,400","18,000",45,23,20,-,-,-,-,-,110,10,"2,000",220
empire,83,戦闘艇母艦Ⅲ,180,12,-,"2,400","18,000",45,23,20,-,-,-,-,-,110,12,"1,600",220
empire,83,戦闘艇母艦Ⅳ,140,12,-,"2,400","10,000",45,23,20,-,-,-,-,-,110,10,"2,000",220
empire,84,雷撃艇母艦Ⅰ,180,8,-,"5,600","18,000",45,23,20,-,-,128,-,-,110,2,"1,600",220
empire,84,雷撃艇母艦Ⅱ,170,8,-,"2,400","18,000",45,23,20,-,-,-,-,-,110,2,"1,600",220
empire,84,雷撃艇母艦Ⅲ,150,8,-,"2,400","10,000",45,23,20,-,-,-,-,-,110,2,"1,600",220
empire,84,雷撃艇母艦Ⅳ,180,8,-,"2,400","20,000",45,23,20,-,-,-,-,-,110,2,"1,600",220
empire,85,工作艦Ⅰ,120,1,-,"2,400","18,000",26,16,10,-,-,-,-,-,20,-,"1,200",100
empire,85,工作艦Ⅱ,120,1,-,"2,400","18,000",26,16,10,-,-,-,-,-,20,-,"1,600",100
empire,85,工作艦Ⅲ,120,1,-,"2,400","19,000",26,16,10,-,-,-,-,-,20,-,800,100
empire,85,工作艦Ⅳ,110,1,-,"2,400","10,000",26,16,10,-,-,-,-,-,20,-,"1,200",100
empire,86,輸送艦Ⅰ,90,1,-,"2,400","12,000",48,29,17,-,-,32,-,-,40,-,"20,000",200
empire,86,輸送艦Ⅱ,80,1,-,"2,400","12,000",48,29,17,-,-,-,-,-,40,-,"20,000",200
empire,86,輸送艦Ⅲ,100,1,-,"2,400","12,000",48,29,17,-,-,32,-,-,60,-,"20,000",200
empire,86,輸送艦Ⅳ,100,1,-,"2,400","14,000",48,29,17,-,-,32,-,-,40,-,"16,000",200
empire,87,兵員輸送艦Ⅰ,120,1,-,"2,400","18,000",6,16,9,-,-,-,-,-,40,-,-,100
empire,87,兵員輸送艦Ⅱ,120,1,-,"2,400","18,000",6,4,2,-,-,-,-,40/1,40,-,30,100
empire,87,兵員輸送艦Ⅲ,140,1,-,"2,400","20,000",6,4,2,-,-,-,-,-,40,-,-,100
empire,87,兵員輸送艦Ⅳ,140,1,-,"2,400","18,000",8,6,4,-,-,-,-,-,40,-,-,100
empire,88,揚陸艦Ⅰ,50,1,-,"1,600","12,000",15,10,5,-,-,-,-,-,,-,-,20
empire,88,揚陸艦Ⅱ,50,1,-,"1,600","12,000",15,10,5,-,-,-,-,40/1,,-,30,20
empire,88,揚陸艦Ⅲ,50,1,-,"1,600","15,000",15,10,5,-,-,-,-,-,,-,-,20
empire,88,揚陸艦Ⅳ,50,1,-,"1,600","12,000",17,12,7,-,-,-,-,-,,-,-,20
empire,89,民間船（旗艦）,-,-,100,"2,400","10,000",20,8,4,20,16,-,-,10,30,-,-,-
empire,89,商船,30,-,-,"2,400","10,000",,8,4,-,-,-,-,-,30,-,"4,000",40
alliance,90,戦艦（旗艦）,-,-,400,"5,600","22,000",30,18,10,70,20,64,80,90,100,-,-,190
alliance,90,戦艦Ⅰ,90,4,-,"5,600","22,000",30,18,10,-,-,64,80/1,90/5,100,3,760,190
alliance,90,戦艦Ⅱ,90,4,-,"5,600","22,000",32,18,10,-,-,64,140/2,90/5,100,3,760,190
alliance,90,戦艦Ⅲ,90,4,-,"5,600","22,000",30,18,10,-,-,64,80/1,100/6,100,-,800,190
alliance,90,戦艦Ⅳ,90,4,-,"5,600","23,000",28,16,8,-,-,64,80/1,90/5,100,3,760,190
alliance,90,戦艦Ⅴ,90,4,-,"5,600","20,000",34,22,14,-,-,64,80/1,90/5,100,1,760,190
alliance,90,戦艦Ⅵ,90,4,-,"6,400","22,000",30,18,10,-,-,64,80/1,90/5,100,3,760,190
alliance,90,戦艦Ⅶ,80,4,-,"4,800","18,000",30,18,10,-,-,64,80/1,90/5,100,3,760,190
alliance,90,戦艦Ⅷ,200,1,-,"5,600","22,000",30,18,10,-,-,64,80/1,90/5,100,-,760,190
alliance,91,巡航艦（旗艦）,-,-,250,"4,800","24,000",18,10,6,60,22,24,-,50,60,-,-,80
alliance,91,巡航艦Ⅰ,60,2,-,"4,800","24,000",18,10,6,-,-,24,-,50/3,60,1,360,80
alliance,91,巡航艦Ⅱ,60,2,-,"4,800","24,000",18,12,8,-,-,36,-,50/3,60,-,360,80
alliance,91,巡航艦Ⅲ,60,2,-,"4,800","24,000",18,12,8,-,-,24,-,90/4,60,-,320,80
alliance,91,巡航艦Ⅳ,60,2,-,"4,800","25,000",16,8,5,-,-,24,-,50/3,60,1,360,80
alliance,91,巡航艦Ⅴ,60,2,-,"4,800","22,000",22,13,9,-,-,24,-,50/3,60,-,320,80
alliance,91,巡航艦Ⅵ,60,2,-,"5,600","23,000",18,10,6,-,-,24,-,50/3,60,1,360,80
alliance,91,巡航艦Ⅶ,70,2,-,"6,000","23,000",18,10,6,-,-,24,-,50/3,60,1,360,80
alliance,91,巡航艦Ⅷ,60,2,-,"4,800","23,000",18,10,6,-,-,24,-,40/2,60,-,400,80
alliance,92,艦）,-,-,230,"4,000","24,000",16,10,6,50,22,-,-,150,50,-,-,60
alliance,92,艦）,-,-,300,"5,600","28,000",24,14,8,70,25,32,-,60,60,-,-,100
alliance,92,打撃巡航艦Ⅰ,90,2,-,"3,200","24,000",16,10,6,-,-,-,-,150/8,40,-,480,60
alliance,92,打撃巡航艦Ⅱ,90,2,-,"3,200","25,000",15,7,5,-,-,-,-,150/8,40,-,480,60
alliance,92,打撃巡航艦Ⅲ,90,2,-,"3,200","22,000",17,12,8,-,-,-,-,150/8,40,-,400,60
alliance,92,打撃巡航艦Ⅳ,80,2,-,"3,200","20,000",16,10,6,-,-,-,-,150/8,40,-,480,60
alliance,93,駆逐艦（旗艦）,-,-,220,"3,200","30,000",10,6,4,40,19,24,-,50,50,-,-,40
alliance,93,駆逐艦Ⅰ,50,1,-,"3,200","28,000",10,6,4,-,-,24,-,50/2,50,-,120,40
alliance,93,駆逐艦Ⅱ,60,1,-,"3,200","28,000",10,6,4,-,-,24,-,80/3,50,-,120,40
alliance,93,駆逐艦Ⅲ,60,1,-,"3,200","30,000",8,4,1,-,-,24,-,50/2,50,-,120,40
alliance,93,駆逐艦Ⅳ,60,1,-,"3,200","26,000",12,8,6,-,-,24,-,50/2,50,-,120,40
alliance,93,駆逐艦Ⅴ,60,1,-,"3,200","27,000",10,6,4,-,-,24,-,50/2,50,-,160,40
alliance,93,駆逐艦Ⅵ,60,1,-,"4,000","28,000",10,6,4,-,-,24,-,50/2,50,-,120,40
alliance,93,駆逐艦Ⅶ,60,1,-,0,"28,000",10,6,4,-,-,24,-,50/2,90,-,80,40
alliance,93,駆逐艦Ⅷ,30,1,-,"2,400","24,000",10,6,4,-,-,24,-,50/2,50,-,8,40
alliance,94,戦闘艇母艦Ⅰ,180,7,-,"6,400","16,000",46,14,20,-,-,64,-,70/3,180,10,"2,240",180
alliance,94,戦闘艇母艦Ⅱ,180,7,-,"6,400","16,000",46,14,20,-,-,-,-,70/3,180,10,"2,240",180
alliance,94,戦闘艇母艦Ⅲ,180,7,-,"6,400","18,000",44,14,18,-,-,64,-,70/3,180,10,"2,240",180
alliance,94,戦闘艇母艦Ⅳ,180,7,-,"6,400","14,000",48,14,22,-,-,64,-,70/3,180,10,"2,000",180
alliance,95,工作艦Ⅰ,120,1,-,"2,400","18,000",24,14,8,-,-,-,-,-,40,-,"1,200",100
alliance,95,工作艦Ⅱ,120,1,-,"2,400","20,000",22,12,8,-,-,-,-,-,40,-,"1,200",100
alliance,95,工作艦Ⅲ,100,1,-,"2,400","14,000",24,14,8,-,-,-,-,-,40,-,"1,200",100
alliance,95,工作艦Ⅳ,120,1,-,"2,400","18,000",24,14,8,-,-,-,-,-,40,-,"1,200",100
alliance,96,輸送艦Ⅰ,90,1,-,"2,400","14,000",60,36,22,-,-,24,-,-,40,-,"20,000",240
alliance,96,輸送艦Ⅱ,90,1,-,"2,400","14,000",60,36,22,-,-,-,-,-,40,-,"20,000",240
alliance,96,輸送艦Ⅲ,90,1,-,"1,600","13,000",60,36,22,-,-,-,-,-,30,-,"20,000",240
alliance,96,輸送艦Ⅳ,90,1,-,"2,400","15,000",60,36,22,-,-,24,-,-,40,-,"16,000",240
alliance,97,兵員輸送艦Ⅰ,100,1,-,"2,400","18,000",5,3,2,-,-,-,-,-,40,-,-,100
alliance,97,兵員輸送艦Ⅱ,100,1,-,"2,400","18,000",5,3,2,-,-,-,-,40/1,40,-,30,100
alliance,97,兵員輸送艦Ⅲ,120,1,-,"2,400","19,000",5,3,2,-,-,-,-,-,40,-,-,100
alliance,97,兵員輸送艦Ⅳ,120,1,-,"2,400","18,000",7,5,4,-,-,-,-,-,40,-,-,100
alliance,98,揚陸艦Ⅰ,50,1,-,"2,400","15,000",17,12,7,-,-,,,40/1,40,-,30,40
alliance,98,揚陸艦Ⅱ,50,1,-,"2,400","18,000",,,,-,-,,,40/1,40,-,30,40
alliance,98,揚陸艦Ⅲ,50,1,-,"2,400","15,000",19,14,9,-,-,,,40/1,40,-,30,40
alliance,98,揚陸艦Ⅳ,60,1,-,"2,400","18,000",23,18,18,-,-,,,40/1,40,-,30,40
alliance,99,民間船（旗艦）,-,-,100,"2,400","10,000",20,16,8,40,16,-,-,20,30,-,-,40
alliance,99,商船,30,-,-,"2,400","10,000",12,8,4,-,-,-,-,-,30,-,"4,000",40
