group,command,cp,wait,duration,page
作戦コマンド,ワープ航行,40,,0,68
作戦コマンド,燃料補給,160,8,48～960,68
作戦コマンド,星系内航行,160,8,0,68
作戦コマンド,軍紀維持,80,0,0,68
作戦コマンド,航宙訓練,80,0,0,68
作戦コマンド,陸戦訓練,80,0,0,68
作戦コマンド,空戦訓練,80,0,0,68
作戦コマンド,陸戦戦術訓練,80,0,0,68
作戦コマンド,空戦戦術訓練,80,0,0,68
作戦コマンド,警戒出動,160,24,0,68
作戦コマンド,武力鎮圧,160,24,0,68
作戦コマンド,分列行進,160,24,0,69
作戦コマンド,徴発,160,24,0,69
作戦コマンド,特別警備,160,0,24,69
作戦コマンド,陸戦隊出撃,80,0,0,69
作戦コマンド,陸戦隊撤収,80,0,0,69
個人コマンド,遠距離移動,10,0,0,69
個人コマンド,近距離移動,5,0,0,69
個人コマンド,退役,160,0,0,69
個人コマンド,志願,160,0,0,69
個人コマンド,亡命,320,0,0,69
個人コマンド,会見,10,0,0,69
個人コマンド,受講,160,0,0,69
個人コマンド,兵棋演習,10,0,0,70
個人コマンド,叛意,640,0,0,70
個人コマンド,謀議,640,0,0,70
個人コマンド,説得,640,0,0,70
個人コマンド,叛乱,640,0,0,70
個人コマンド,参加,160,0,0,70
個人コマンド,資金投入,80,0,0,70
個人コマンド,旗艦購入,80,0,0,70
指揮コマンド,作戦計画,10～1280,0,0,70
指揮コマンド,作戦撤回,5～320,0,0,70
指揮コマンド,発令,1～320,0,0,70
指揮コマンド,部隊結成,320,0,0,70
指揮コマンド,部隊解散,160,0,0,71
指揮コマンド,講義,160,0,0,71
指揮コマンド,輸送計画,80,0,0,71
指揮コマンド,輸送中止,80,0,0,71
兵站コマンド,完全修理,160,0,0,71
兵站コマンド,完全補給,160,0,0,71
兵站コマンド,再編成,160,0,0,71
兵站コマンド,補充,160,0,0,71
兵站コマンド,搬出入,160,0,0,71
兵站コマンド,割当,160,0,0,71
人事コマンド,昇進,160,0,0,71
人事コマンド,抜擢,640,0,0,71
人事コマンド,降等,320,0,0,72
人事コマンド,叙爵,160,0,0,72
人事コマンド,叙勲,160,0,0,72
人事コマンド,任命,160,0,0,72
人事コマンド,罷免,160,0,0,72
人事コマンド,辞任,80,0,0,72
人事コマンド,封土授与,640,0,0,72
人事コマンド,封土直轄,640,0,0,72
政治コマンド,夜会,320,0,0,72
政治コマンド,狩猟,320,0,0,72
政治コマンド,会談,320,0,0,72
政治コマンド,談話,320,0,0,72
政治コマンド,演説,320,0,0,73
政治コマンド,国家目標,320,0,0,73
政治コマンド,納入率変更,320,0,0,73
政治コマンド,関税率変更,320,0,0,73
政治コマンド,分配,320,0,0,73
政治コマンド,処断,320,0,0,73
政治コマンド,外交,320,0,0,73
政治コマンド,統治目標,80,0,0,73
諜報コマンド,一斉捜索,160,0,0,73
諜報コマンド,逮捕許可,800,0,0,73
諜報コマンド,執行命令,800,0,0,73
諜報コマンド,逮捕命令,160,0,0,73
諜報コマンド,査閲,160,0,0,74
諜報コマンド,襲撃,160,0,0,74
諜報コマンド,監視,160,0,0,74
諜報コマンド,潜入工作,160,0,0,74
諜報コマンド,脱出工作,160,0,0,74
諜報コマンド,情報工作,160,0,0,74
諜報コマンド,破壊工作,160,0,0,74
諜報コマンド,煽動工作,160,0,0,74
諜報コマンド,侵入工作,320,0,0,74
諜報コマンド,帰還工作,320,0,0,74
