sha256	path	role
9D1791B3BCE448DE19774FFFEE413F069DF5E4CE9C8B8882A55F0169087AC693	work/20260828-original-client-textdialog-coordinate-correction/src/collect-textdialog-coordinate-snapshot.ps1	corrected read-only double-capture collector
5E944A790557D8AD336A2041C236DC7E4DD87F2E9E46DC0F043BADBCE16B2CBD	work/20260828-original-client-textdialog-coordinate-correction/src/resolve-textdialog-client-rects.ps1	offline forward-replay resolver
7F30B89980532C19444DE325430265034B8E102BB4B33D0AB594218FDBCF67EA	work/20260828-original-client-textdialog-coordinate-correction/tests/test-collect-textdialog-coordinate-snapshot.ps1	collector behavior tests
1FB47B9628559AD8742315CD48D5DA0BA6AD79A8DEE10970DF46B7923EA42555	work/20260828-original-client-textdialog-coordinate-correction/tests/test-resolve-textdialog-client-rects.ps1	resolver behavior tests
B4A599617C23813A14E35F488E2EFDB0962E32E0799EA50C9660427ACFEE4B3C	work/20260828-original-client-textdialog-coordinate-correction/tests/fixture-identity.json	synthetic identity
19B9DE390325B8D46ECA17E77FB6BF6E8A5281FC17DC64B6501FD979AE4EE5B2	work/20260828-original-client-textdialog-coordinate-correction/tests/fixture-ready.json	synthetic memory
2330BEEAC958150622FFFB693F6CE80E4B74E04EBF6C43A8F5FA1BD9648C0276	work/20260828-original-client-textdialog-coordinate-correction/report/textdialog-coordinate-correction.md	report
0946F13EBC4BD77327FB069237D140965EB7F5202037266022B1DDB6E03A7CAE	work/20260828-textdialog-coordinate-frame-owner/ExportTextDialogCoordinateFrame.java	static exporter
BC4DE3E8EBD27CFA0556C08D52408EC6C37AD78D636D693CDC64451E92D1EC47	work/20260828-textdialog-coordinate-frame-owner/textdialog-coordinate-frame.txt	hash-bound static evidence
